,game,opponent name,boxscore_visitor_name,boxscore_home_name,final score,centreFinalScore,opponentFinalScore,centreScoreByPeriod,opponentScoreByPeriod,centreScorePeriod1,centreScorePeriod2,centreScorePeriod3,opponentScorePeriod1,opponentScorePeriod2,opponentScorePeriod3,centreRecord,opponentRecord,gameDate,outcome,attendance,gameLocation,gameTime,homeGame,,Time Remaining,CENTRE_W,Away Team Score,Play Team Indicator,Home Team Score,AC-W,Game Score,Team Indicator,Play,period number,Play Type,Shot Outcome,Team,Player,Points Earned,Time(seconds)
0,17,austin,Centre College,Austin College,78-54,78,54,"32, 46, 78","34, 20, 54",32,46,78,34,20,54,"16-1, 10-0","1-18, 1-9",01/27/12,Win,95,No Location Recorded,6:00 PM,A,0,Start Period 1,,,,,,,,,1,,,,,,
1,17,austin,Centre College,Austin College,78-54,78,54,"32, 46, 78","34, 20, 54",32,46,78,34,20,54,"16-1, 10-0","1-18, 1-9",01/27/12,Win,95,No Location Recorded,6:00 PM,A,1,19:38,"MISS LAYUP by BENHAM,CHELSEA",,,,,,,"MISS LAYUP by BENHAM,CHELSEA",1,layup,missed,Centre,chelsea benham,,1178
2,17,austin,Centre College,Austin College,78-54,78,54,"32, 46, 78","34, 20, 54",32,46,78,34,20,54,"16-1, 10-0","1-18, 1-9",01/27/12,Win,95,No Location Recorded,6:00 PM,A,2,--,,,,,"REBOUND DEF by YOUNG,ANGELEENA",,,"REBOUND DEF by YOUNG,ANGELEENA",1,defensive rebound,,austin college,angeleena young,,
3,17,austin,Centre College,Austin College,78-54,78,54,"32, 46, 78","34, 20, 54",32,46,78,34,20,54,"16-1, 10-0","1-18, 1-9",01/27/12,Win,95,No Location Recorded,6:00 PM,A,3,19:19,,,,,"MISS 3PTR by BEESON,LEXI",,,"MISS 3PTR by BEESON,LEXI",1,three pointer,missed,austin college,lexi beeson,,1159
4,17,austin,Centre College,Austin College,78-54,78,54,"32, 46, 78","34, 20, 54",32,46,78,34,20,54,"16-1, 10-0","1-18, 1-9",01/27/12,Win,95,No Location Recorded,6:00 PM,A,4,--,REBOUND DEF by TEAM,,,,,,,REBOUND DEF by TEAM,1,defensive rebound,,Centre,,,
5,17,austin,Centre College,Austin College,78-54,78,54,"32, 46, 78","34, 20, 54",32,46,78,34,20,54,"16-1, 10-0","1-18, 1-9",01/27/12,Win,95,No Location Recorded,6:00 PM,A,5,19:03,"GOOD 3PTR by PREWITT,MAGGIE",3 (+3),,0,,CENTRE_W 3-0 (+3),,"GOOD 3PTR by PREWITT,MAGGIE",1,three pointer,good,Centre,maggie prewitt,3,1143
6,17,austin,Centre College,Austin College,78-54,78,54,"32, 46, 78","34, 20, 54",32,46,78,34,20,54,"16-1, 10-0","1-18, 1-9",01/27/12,Win,95,No Location Recorded,6:00 PM,A,6,18:32,,,,,"MISS 3PTR by KIME,CHRISTINA",,,"MISS 3PTR by KIME,CHRISTINA",1,three pointer,missed,austin college,christina kime,,1112
7,17,austin,Centre College,Austin College,78-54,78,54,"32, 46, 78","34, 20, 54",32,46,78,34,20,54,"16-1, 10-0","1-18, 1-9",01/27/12,Win,95,No Location Recorded,6:00 PM,A,7,--,"REBOUND DEF by BENHAM,CHELSEA",,,,,,,"REBOUND DEF by BENHAM,CHELSEA",1,defensive rebound,,Centre,chelsea benham,,
8,17,austin,Centre College,Austin College,78-54,78,54,"32, 46, 78","34, 20, 54",32,46,78,34,20,54,"16-1, 10-0","1-18, 1-9",01/27/12,Win,95,No Location Recorded,6:00 PM,A,8,18:26,"TURNOVER  by PREWITT,MAGGIE",,,,,,,"TURNOVER  by PREWITT,MAGGIE",1,turnover,,Centre,maggie prewitt,,1106
9,17,austin,Centre College,Austin College,78-54,78,54,"32, 46, 78","34, 20, 54",32,46,78,34,20,54,"16-1, 10-0","1-18, 1-9",01/27/12,Win,95,No Location Recorded,6:00 PM,A,9,18:26,,,,,"STEAL  by KIME,CHRISTINA",,,"STEAL  by KIME,CHRISTINA",1,steal,,austin college,,,1106
10,17,austin,Centre College,Austin College,78-54,78,54,"32, 46, 78","34, 20, 54",32,46,78,34,20,54,"16-1, 10-0","1-18, 1-9",01/27/12,Win,95,No Location Recorded,6:00 PM,A,10,18:14,,,,,"MISS 3PTR by KIME,CHRISTINA",,,"MISS 3PTR by KIME,CHRISTINA",1,three pointer,missed,austin college,christina kime,,1094
11,17,austin,Centre College,Austin College,78-54,78,54,"32, 46, 78","34, 20, 54",32,46,78,34,20,54,"16-1, 10-0","1-18, 1-9",01/27/12,Win,95,No Location Recorded,6:00 PM,A,11,--,"REBOUND DEF by PREWITT,MAGGIE",,,,,,,"REBOUND DEF by PREWITT,MAGGIE",1,defensive rebound,,Centre,maggie prewitt,,
12,17,austin,Centre College,Austin College,78-54,78,54,"32, 46, 78","34, 20, 54",32,46,78,34,20,54,"16-1, 10-0","1-18, 1-9",01/27/12,Win,95,No Location Recorded,6:00 PM,A,12,18:05,,,,,"FOUL  by MARUSICH,KERSTI",,,"FOUL  by MARUSICH,KERSTI",1,foul,,austin college,kersti marusich,,1085
13,17,austin,Centre College,Austin College,78-54,78,54,"32, 46, 78","34, 20, 54",32,46,78,34,20,54,"16-1, 10-0","1-18, 1-9",01/27/12,Win,95,No Location Recorded,6:00 PM,A,13,18:02,"GOOD LAYUP by BENHAM,CHELSEA(in the paint)",5 (+5),,0,,CENTRE_W 5-0 (+5),,"GOOD LAYUP by BENHAM,CHELSEA(in the paint)",1,layup,good,Centre,chelsea benham,2,1082
14,17,austin,Centre College,Austin College,78-54,78,54,"32, 46, 78","34, 20, 54",32,46,78,34,20,54,"16-1, 10-0","1-18, 1-9",01/27/12,Win,95,No Location Recorded,6:00 PM,A,14,--,"ASSIST  by BURKE,ALYSON",,,,,,,"ASSIST  by BURKE,ALYSON",1,assist,,Centre,alyson burke,,
15,17,austin,Centre College,Austin College,78-54,78,54,"32, 46, 78","34, 20, 54",32,46,78,34,20,54,"16-1, 10-0","1-18, 1-9",01/27/12,Win,95,No Location Recorded,6:00 PM,A,15,17:36,,,,,"MISS JUMPER by KIME,CHRISTINA",,,"MISS JUMPER by KIME,CHRISTINA",1,jumper,missed,austin college,christina kime,,1056
16,17,austin,Centre College,Austin College,78-54,78,54,"32, 46, 78","34, 20, 54",32,46,78,34,20,54,"16-1, 10-0","1-18, 1-9",01/27/12,Win,95,No Location Recorded,6:00 PM,A,16,--,"REBOUND DEF by PREWITT,MAGGIE",,,,,,,"REBOUND DEF by PREWITT,MAGGIE",1,defensive rebound,,Centre,maggie prewitt,,
17,17,austin,Centre College,Austin College,78-54,78,54,"32, 46, 78","34, 20, 54",32,46,78,34,20,54,"16-1, 10-0","1-18, 1-9",01/27/12,Win,95,No Location Recorded,6:00 PM,A,17,17:25,"GOOD JUMPER by WEST,CAILYNN(in the paint)",7 (+7),,0,,CENTRE_W 7-0 (+7),,"GOOD JUMPER by WEST,CAILYNN(in the paint)",1,jumper,good,Centre,cailynn west,2,1045
18,17,austin,Centre College,Austin College,78-54,78,54,"32, 46, 78","34, 20, 54",32,46,78,34,20,54,"16-1, 10-0","1-18, 1-9",01/27/12,Win,95,No Location Recorded,6:00 PM,A,18,--,"ASSIST  by WINSTEAD,BRIDGET",,,,,,,"ASSIST  by WINSTEAD,BRIDGET",1,assist,,Centre,bridget winstead,,
19,17,austin,Centre College,Austin College,78-54,78,54,"32, 46, 78","34, 20, 54",32,46,78,34,20,54,"16-1, 10-0","1-18, 1-9",01/27/12,Win,95,No Location Recorded,6:00 PM,A,19,17:17,,,,,"MISS 3PTR by MARUSICH,KERSTI",,,"MISS 3PTR by MARUSICH,KERSTI",1,three pointer,missed,austin college,kersti marusich,,1037
20,17,austin,Centre College,Austin College,78-54,78,54,"32, 46, 78","34, 20, 54",32,46,78,34,20,54,"16-1, 10-0","1-18, 1-9",01/27/12,Win,95,No Location Recorded,6:00 PM,A,20,--,,,,,"REBOUND OFF by TAYLOR,ALLISON",,,"REBOUND OFF by TAYLOR,ALLISON",1,offensive rebound,,austin college,allison taylor,,
21,17,austin,Centre College,Austin College,78-54,78,54,"32, 46, 78","34, 20, 54",32,46,78,34,20,54,"16-1, 10-0","1-18, 1-9",01/27/12,Win,95,No Location Recorded,6:00 PM,A,21,17:11,,7 (+5),,2,"GOOD JUMPER by MARUSICH,KERSTI(in the paint)",AC-W 7-2 (+5),,"GOOD JUMPER by MARUSICH,KERSTI(in the paint)",1,jumper,good,austin college,kersti marusich,2,1031
22,17,austin,Centre College,Austin College,78-54,78,54,"32, 46, 78","34, 20, 54",32,46,78,34,20,54,"16-1, 10-0","1-18, 1-9",01/27/12,Win,95,No Location Recorded,6:00 PM,A,22,--,,,,,"ASSIST  by TAYLOR,ALLISON",,,"ASSIST  by TAYLOR,ALLISON",1,assist,,austin college,allison taylor,,
23,17,austin,Centre College,Austin College,78-54,78,54,"32, 46, 78","34, 20, 54",32,46,78,34,20,54,"16-1, 10-0","1-18, 1-9",01/27/12,Win,95,No Location Recorded,6:00 PM,A,23,16:52,"GOOD LAYUP by BENHAM,CHELSEA(in the paint)",9 (+7),,2,,CENTRE_W 9-2 (+7),,"GOOD LAYUP by BENHAM,CHELSEA(in the paint)",1,layup,good,Centre,chelsea benham,2,1012
24,17,austin,Centre College,Austin College,78-54,78,54,"32, 46, 78","34, 20, 54",32,46,78,34,20,54,"16-1, 10-0","1-18, 1-9",01/27/12,Win,95,No Location Recorded,6:00 PM,A,24,--,"ASSIST  by PREWITT,MAGGIE",,,,,,,"ASSIST  by PREWITT,MAGGIE",1,assist,,Centre,maggie prewitt,,
25,17,austin,Centre College,Austin College,78-54,78,54,"32, 46, 78","34, 20, 54",32,46,78,34,20,54,"16-1, 10-0","1-18, 1-9",01/27/12,Win,95,No Location Recorded,6:00 PM,A,25,16:37,,9 (+4),,5,"GOOD 3PTR by BEESON,LEXI",AC-W 9-5 (+4),,"GOOD 3PTR by BEESON,LEXI",1,three pointer,good,austin college,lexi beeson,3,997
26,17,austin,Centre College,Austin College,78-54,78,54,"32, 46, 78","34, 20, 54",32,46,78,34,20,54,"16-1, 10-0","1-18, 1-9",01/27/12,Win,95,No Location Recorded,6:00 PM,A,26,--,,,,,"ASSIST  by KIME,CHRISTINA",,,"ASSIST  by KIME,CHRISTINA",1,assist,,austin college,christina kime,,
27,17,austin,Centre College,Austin College,78-54,78,54,"32, 46, 78","34, 20, 54",32,46,78,34,20,54,"16-1, 10-0","1-18, 1-9",01/27/12,Win,95,No Location Recorded,6:00 PM,A,27,16:19,"MISS 3PTR by WINSTEAD,BRIDGET",,,,,,,"MISS 3PTR by WINSTEAD,BRIDGET",1,three pointer,missed,Centre,bridget winstead,,979
28,17,austin,Centre College,Austin College,78-54,78,54,"32, 46, 78","34, 20, 54",32,46,78,34,20,54,"16-1, 10-0","1-18, 1-9",01/27/12,Win,95,No Location Recorded,6:00 PM,A,28,--,,,,,REBOUND DEF by TEAM,,,REBOUND DEF by TEAM,1,defensive rebound,,Centre,,,
29,17,austin,Centre College,Austin College,78-54,78,54,"32, 46, 78","34, 20, 54",32,46,78,34,20,54,"16-1, 10-0","1-18, 1-9",01/27/12,Win,95,No Location Recorded,6:00 PM,A,29,16:02,,,,,"MISS 3PTR by YOUNG,ANGELEENA",,,"MISS 3PTR by YOUNG,ANGELEENA",1,three pointer,missed,austin college,angeleena young,,962
30,17,austin,Centre College,Austin College,78-54,78,54,"32, 46, 78","34, 20, 54",32,46,78,34,20,54,"16-1, 10-0","1-18, 1-9",01/27/12,Win,95,No Location Recorded,6:00 PM,A,30,--,REBOUND DEF by TEAM,,,,,,,REBOUND DEF by TEAM,1,defensive rebound,,Centre,,,
31,17,austin,Centre College,Austin College,78-54,78,54,"32, 46, 78","34, 20, 54",32,46,78,34,20,54,"16-1, 10-0","1-18, 1-9",01/27/12,Win,95,No Location Recorded,6:00 PM,A,31,15:41,"GOOD 3PTR by WINSTEAD,BRIDGET",12 (+7),,5,,CENTRE_W 12-5 (+7),,"GOOD 3PTR by WINSTEAD,BRIDGET",1,three pointer,good,Centre,bridget winstead,3,941
32,17,austin,Centre College,Austin College,78-54,78,54,"32, 46, 78","34, 20, 54",32,46,78,34,20,54,"16-1, 10-0","1-18, 1-9",01/27/12,Win,95,No Location Recorded,6:00 PM,A,32,--,"ASSIST  by PREWITT,MAGGIE",,,,,,,"ASSIST  by PREWITT,MAGGIE",1,assist,,Centre,maggie prewitt,,
33,17,austin,Centre College,Austin College,78-54,78,54,"32, 46, 78","34, 20, 54",32,46,78,34,20,54,"16-1, 10-0","1-18, 1-9",01/27/12,Win,95,No Location Recorded,6:00 PM,A,33,15:22,,,,,"MISS JUMPER by YOUNG,ANGELEENA",,,"MISS JUMPER by YOUNG,ANGELEENA",1,jumper,missed,austin college,angeleena young,,922
34,17,austin,Centre College,Austin College,78-54,78,54,"32, 46, 78","34, 20, 54",32,46,78,34,20,54,"16-1, 10-0","1-18, 1-9",01/27/12,Win,95,No Location Recorded,6:00 PM,A,34,--,"REBOUND DEF by PREWITT,MAGGIE",,,,,,,"REBOUND DEF by PREWITT,MAGGIE",1,defensive rebound,,Centre,maggie prewitt,,
35,17,austin,Centre College,Austin College,78-54,78,54,"32, 46, 78","34, 20, 54",32,46,78,34,20,54,"16-1, 10-0","1-18, 1-9",01/27/12,Win,95,No Location Recorded,6:00 PM,A,35,15:09,"MISS JUMPER by WEST,CAILYNN",,,,,,,"MISS JUMPER by WEST,CAILYNN",1,jumper,missed,Centre,cailynn west,,909
36,17,austin,Centre College,Austin College,78-54,78,54,"32, 46, 78","34, 20, 54",32,46,78,34,20,54,"16-1, 10-0","1-18, 1-9",01/27/12,Win,95,No Location Recorded,6:00 PM,A,36,--,"REBOUND OFF by BAECHLE,PAIGE",,,,,,,"REBOUND OFF by BAECHLE,PAIGE",1,offensive rebound,,Centre,paige baechle,,
37,17,austin,Centre College,Austin College,78-54,78,54,"32, 46, 78","34, 20, 54",32,46,78,34,20,54,"16-1, 10-0","1-18, 1-9",01/27/12,Win,95,No Location Recorded,6:00 PM,A,37,15:06,"GOOD LAYUP by BAECHLE,PAIGE(in the paint)",14 (+9),,5,,CENTRE_W 14-5 (+9),,"GOOD LAYUP by BAECHLE,PAIGE(in the paint)",1,layup,good,Centre,paige baechle,2,906
38,17,austin,Centre College,Austin College,78-54,78,54,"32, 46, 78","34, 20, 54",32,46,78,34,20,54,"16-1, 10-0","1-18, 1-9",01/27/12,Win,95,No Location Recorded,6:00 PM,A,38,15:01,,,,,TIMEOUT TEAM by TEAM,,,TIMEOUT TEAM by TEAM,1,timeout,,Centre,,,901
39,17,austin,Centre College,Austin College,78-54,78,54,"32, 46, 78","34, 20, 54",32,46,78,34,20,54,"16-1, 10-0","1-18, 1-9",01/27/12,Win,95,No Location Recorded,6:00 PM,A,39,14:41,,14 (+6),,8,"GOOD 3PTR by KIME,CHRISTINA",AC-W 14-8 (+6),,"GOOD 3PTR by KIME,CHRISTINA",1,three pointer,good,austin college,christina kime,3,881
40,17,austin,Centre College,Austin College,78-54,78,54,"32, 46, 78","34, 20, 54",32,46,78,34,20,54,"16-1, 10-0","1-18, 1-9",01/27/12,Win,95,No Location Recorded,6:00 PM,A,40,--,,,,,"ASSIST  by YOUNG,ANGELEENA",,,"ASSIST  by YOUNG,ANGELEENA",1,assist,,austin college,angeleena young,,
41,17,austin,Centre College,Austin College,78-54,78,54,"32, 46, 78","34, 20, 54",32,46,78,34,20,54,"16-1, 10-0","1-18, 1-9",01/27/12,Win,95,No Location Recorded,6:00 PM,A,41,14:14,"TURNOVER  by PREWITT,MAGGIE",,,,,,,"TURNOVER  by PREWITT,MAGGIE",1,turnover,,Centre,maggie prewitt,,854
42,17,austin,Centre College,Austin College,78-54,78,54,"32, 46, 78","34, 20, 54",32,46,78,34,20,54,"16-1, 10-0","1-18, 1-9",01/27/12,Win,95,No Location Recorded,6:00 PM,A,42,13:55,,,,,"TURNOVER  by MARUSICH,KERSTI",,,"TURNOVER  by MARUSICH,KERSTI",1,turnover,,austin college,kersti marusich,,835
43,17,austin,Centre College,Austin College,78-54,78,54,"32, 46, 78","34, 20, 54",32,46,78,34,20,54,"16-1, 10-0","1-18, 1-9",01/27/12,Win,95,No Location Recorded,6:00 PM,A,43,13:54,"STEAL  by HARTLAGE,MAGGIE",,,,,,,"STEAL  by HARTLAGE,MAGGIE",1,steal,,Centre,,,834
44,17,austin,Centre College,Austin College,78-54,78,54,"32, 46, 78","34, 20, 54",32,46,78,34,20,54,"16-1, 10-0","1-18, 1-9",01/27/12,Win,95,No Location Recorded,6:00 PM,A,44,13:50,"MISS 3PTR by GOATLEY,JANE",,,,,,,"MISS 3PTR by GOATLEY,JANE",1,three pointer,missed,Centre,jane goatley,,830
45,17,austin,Centre College,Austin College,78-54,78,54,"32, 46, 78","34, 20, 54",32,46,78,34,20,54,"16-1, 10-0","1-18, 1-9",01/27/12,Win,95,No Location Recorded,6:00 PM,A,45,--,,,,,"REBOUND DEF by BEESON,LEXI",,,"REBOUND DEF by BEESON,LEXI",1,defensive rebound,,austin college,lexi beeson,,
46,17,austin,Centre College,Austin College,78-54,78,54,"32, 46, 78","34, 20, 54",32,46,78,34,20,54,"16-1, 10-0","1-18, 1-9",01/27/12,Win,95,No Location Recorded,6:00 PM,A,46,13:46,"FOUL  by PREWITT,MAGGIE",,,,,,,"FOUL  by PREWITT,MAGGIE",1,foul,,Centre,maggie prewitt,,826
47,17,austin,Centre College,Austin College,78-54,78,54,"32, 46, 78","34, 20, 54",32,46,78,34,20,54,"16-1, 10-0","1-18, 1-9",01/27/12,Win,95,No Location Recorded,6:00 PM,A,47,13:28,,,,,"MISS JUMPER by KIME,CHRISTINA",,,"MISS JUMPER by KIME,CHRISTINA",1,jumper,missed,austin college,christina kime,,808
48,17,austin,Centre College,Austin College,78-54,78,54,"32, 46, 78","34, 20, 54",32,46,78,34,20,54,"16-1, 10-0","1-18, 1-9",01/27/12,Win,95,No Location Recorded,6:00 PM,A,48,--,"REBOUND DEF by HUTER,LAUREN",,,,,,,"REBOUND DEF by HUTER,LAUREN",1,defensive rebound,,Centre,lauren huter,,
49,17,austin,Centre College,Austin College,78-54,78,54,"32, 46, 78","34, 20, 54",32,46,78,34,20,54,"16-1, 10-0","1-18, 1-9",01/27/12,Win,95,No Location Recorded,6:00 PM,A,49,13:13,"GOOD JUMPER by BENHAM,CHELSEA(in the paint)",16 (+8),,8,,CENTRE_W 16-8 (+8),,"GOOD JUMPER by BENHAM,CHELSEA(in the paint)",1,jumper,good,Centre,chelsea benham,2,793
50,17,austin,Centre College,Austin College,78-54,78,54,"32, 46, 78","34, 20, 54",32,46,78,34,20,54,"16-1, 10-0","1-18, 1-9",01/27/12,Win,95,No Location Recorded,6:00 PM,A,50,12:37,,,,,"MISS 3PTR by KIME,CHRISTINA",,,"MISS 3PTR by KIME,CHRISTINA",1,three pointer,missed,austin college,christina kime,,757
51,17,austin,Centre College,Austin College,78-54,78,54,"32, 46, 78","34, 20, 54",32,46,78,34,20,54,"16-1, 10-0","1-18, 1-9",01/27/12,Win,95,No Location Recorded,6:00 PM,A,51,--,,,,,"REBOUND OFF by BEESON,LEXI",,,"REBOUND OFF by BEESON,LEXI",1,offensive rebound,,austin college,lexi beeson,,
52,17,austin,Centre College,Austin College,78-54,78,54,"32, 46, 78","34, 20, 54",32,46,78,34,20,54,"16-1, 10-0","1-18, 1-9",01/27/12,Win,95,No Location Recorded,6:00 PM,A,52,12:29,,,,,"MISS 3PTR by LONGO,JENNA",,,"MISS 3PTR by LONGO,JENNA",1,three pointer,missed,austin college,jenna longo,,749
53,17,austin,Centre College,Austin College,78-54,78,54,"32, 46, 78","34, 20, 54",32,46,78,34,20,54,"16-1, 10-0","1-18, 1-9",01/27/12,Win,95,No Location Recorded,6:00 PM,A,53,--,REBOUND DEF by TEAM,,,,,,,REBOUND DEF by TEAM,1,defensive rebound,,Centre,,,
54,17,austin,Centre College,Austin College,78-54,78,54,"32, 46, 78","34, 20, 54",32,46,78,34,20,54,"16-1, 10-0","1-18, 1-9",01/27/12,Win,95,No Location Recorded,6:00 PM,A,54,12:09,"MISS LAYUP by BENHAM,CHELSEA",,,,,,,"MISS LAYUP by BENHAM,CHELSEA",1,layup,missed,Centre,chelsea benham,,729
55,17,austin,Centre College,Austin College,78-54,78,54,"32, 46, 78","34, 20, 54",32,46,78,34,20,54,"16-1, 10-0","1-18, 1-9",01/27/12,Win,95,No Location Recorded,6:00 PM,A,55,--,,,,,"REBOUND DEF by YOUNG,ANGELEENA",,,"REBOUND DEF by YOUNG,ANGELEENA",1,defensive rebound,,austin college,angeleena young,,
56,17,austin,Centre College,Austin College,78-54,78,54,"32, 46, 78","34, 20, 54",32,46,78,34,20,54,"16-1, 10-0","1-18, 1-9",01/27/12,Win,95,No Location Recorded,6:00 PM,A,56,11:58,,16 (+5),,11,"GOOD 3PTR by YOUNG,ANGELEENA",AC-W 16-11 (+5),,"GOOD 3PTR by YOUNG,ANGELEENA",1,three pointer,good,austin college,angeleena young,3,718
57,17,austin,Centre College,Austin College,78-54,78,54,"32, 46, 78","34, 20, 54",32,46,78,34,20,54,"16-1, 10-0","1-18, 1-9",01/27/12,Win,95,No Location Recorded,6:00 PM,A,57,--,,,,,"ASSIST  by KIME,CHRISTINA",,,"ASSIST  by KIME,CHRISTINA",1,assist,,austin college,christina kime,,
58,17,austin,Centre College,Austin College,78-54,78,54,"32, 46, 78","34, 20, 54",32,46,78,34,20,54,"16-1, 10-0","1-18, 1-9",01/27/12,Win,95,No Location Recorded,6:00 PM,A,58,11:37,,,,,"FOUL  by COLLYER,ALLIE",,,"FOUL  by COLLYER,ALLIE",1,foul,,austin college,allie collyer,,697
59,17,austin,Centre College,Austin College,78-54,78,54,"32, 46, 78","34, 20, 54",32,46,78,34,20,54,"16-1, 10-0","1-18, 1-9",01/27/12,Win,95,No Location Recorded,6:00 PM,A,59,11:37,"GOOD FT by BENHAM,CHELSEA",17 (+6),,11,,CENTRE_W 17-11 (+6),,"GOOD FT by BENHAM,CHELSEA",1,free throw,good,Centre,chelsea benham,1,697
60,17,austin,Centre College,Austin College,78-54,78,54,"32, 46, 78","34, 20, 54",32,46,78,34,20,54,"16-1, 10-0","1-18, 1-9",01/27/12,Win,95,No Location Recorded,6:00 PM,A,60,11:37,"GOOD FT by BENHAM,CHELSEA",18 (+7),,11,,CENTRE_W 18-11 (+7),,"GOOD FT by BENHAM,CHELSEA",1,free throw,good,Centre,chelsea benham,1,697
61,17,austin,Centre College,Austin College,78-54,78,54,"32, 46, 78","34, 20, 54",32,46,78,34,20,54,"16-1, 10-0","1-18, 1-9",01/27/12,Win,95,No Location Recorded,6:00 PM,A,61,11:25,,,,,"MISS 3PTR by YOUNG,ANGELEENA",,,"MISS 3PTR by YOUNG,ANGELEENA",1,three pointer,missed,austin college,angeleena young,,685
62,17,austin,Centre College,Austin College,78-54,78,54,"32, 46, 78","34, 20, 54",32,46,78,34,20,54,"16-1, 10-0","1-18, 1-9",01/27/12,Win,95,No Location Recorded,6:00 PM,A,62,--,"REBOUND DEF by BENHAM,CHELSEA",,,,,,,"REBOUND DEF by BENHAM,CHELSEA",1,defensive rebound,,Centre,chelsea benham,,
63,17,austin,Centre College,Austin College,78-54,78,54,"32, 46, 78","34, 20, 54",32,46,78,34,20,54,"16-1, 10-0","1-18, 1-9",01/27/12,Win,95,No Location Recorded,6:00 PM,A,63,11:11,"TURNOVER  by MIRE,JENNA",,,,,,,"TURNOVER  by MIRE,JENNA",1,turnover,,Centre,jenna mire,,671
64,17,austin,Centre College,Austin College,78-54,78,54,"32, 46, 78","34, 20, 54",32,46,78,34,20,54,"16-1, 10-0","1-18, 1-9",01/27/12,Win,95,No Location Recorded,6:00 PM,A,64,11:08,,,,,"FOUL  by KIME,CHRISTINA",,,"FOUL  by KIME,CHRISTINA",1,foul,,austin college,christina kime,,668
65,17,austin,Centre College,Austin College,78-54,78,54,"32, 46, 78","34, 20, 54",32,46,78,34,20,54,"16-1, 10-0","1-18, 1-9",01/27/12,Win,95,No Location Recorded,6:00 PM,A,65,11:06,,,,,"TURNOVER  by KIME,CHRISTINA",,,"TURNOVER  by KIME,CHRISTINA",1,turnover,,austin college,christina kime,,666
66,17,austin,Centre College,Austin College,78-54,78,54,"32, 46, 78","34, 20, 54",32,46,78,34,20,54,"16-1, 10-0","1-18, 1-9",01/27/12,Win,95,No Location Recorded,6:00 PM,A,66,10:39,"MISS JUMPER by WEST,CAILYNN",,,,,,,"MISS JUMPER by WEST,CAILYNN",1,jumper,missed,Centre,cailynn west,,639
67,17,austin,Centre College,Austin College,78-54,78,54,"32, 46, 78","34, 20, 54",32,46,78,34,20,54,"16-1, 10-0","1-18, 1-9",01/27/12,Win,95,No Location Recorded,6:00 PM,A,67,--,,,,,"REBOUND DEF by LONGO,JENNA",,,"REBOUND DEF by LONGO,JENNA",1,defensive rebound,,austin college,jenna longo,,
68,17,austin,Centre College,Austin College,78-54,78,54,"32, 46, 78","34, 20, 54",32,46,78,34,20,54,"16-1, 10-0","1-18, 1-9",01/27/12,Win,95,No Location Recorded,6:00 PM,A,68,10:19,"FOUL  by WEST,CAILYNN",,,,,,,"FOUL  by WEST,CAILYNN",1,foul,,Centre,cailynn west,,619
69,17,austin,Centre College,Austin College,78-54,78,54,"32, 46, 78","34, 20, 54",32,46,78,34,20,54,"16-1, 10-0","1-18, 1-9",01/27/12,Win,95,No Location Recorded,6:00 PM,A,69,10:19,,18 (+6),,12,"GOOD FT by COLLYER,ALLIE",AC-W 18-12 (+6),,"GOOD FT by COLLYER,ALLIE",1,free throw,good,austin college,allie collyer,1,619
70,17,austin,Centre College,Austin College,78-54,78,54,"32, 46, 78","34, 20, 54",32,46,78,34,20,54,"16-1, 10-0","1-18, 1-9",01/27/12,Win,95,No Location Recorded,6:00 PM,A,70,10:19,,,,,"MISS FT by COLLYER,ALLIE",,,"MISS FT by COLLYER,ALLIE",1,free throw,missed,austin college,allie collyer,,619
71,17,austin,Centre College,Austin College,78-54,78,54,"32, 46, 78","34, 20, 54",32,46,78,34,20,54,"16-1, 10-0","1-18, 1-9",01/27/12,Win,95,No Location Recorded,6:00 PM,A,71,--,"REBOUND DEF by BAECHLE,PAIGE",,,,,,,"REBOUND DEF by BAECHLE,PAIGE",1,defensive rebound,,Centre,paige baechle,,
72,17,austin,Centre College,Austin College,78-54,78,54,"32, 46, 78","34, 20, 54",32,46,78,34,20,54,"16-1, 10-0","1-18, 1-9",01/27/12,Win,95,No Location Recorded,6:00 PM,A,72,10:14,"TURNOVER  by BAECHLE,PAIGE",,,,,,,"TURNOVER  by BAECHLE,PAIGE",1,turnover,,Centre,paige baechle,,614
73,17,austin,Centre College,Austin College,78-54,78,54,"32, 46, 78","34, 20, 54",32,46,78,34,20,54,"16-1, 10-0","1-18, 1-9",01/27/12,Win,95,No Location Recorded,6:00 PM,A,73,10:14,,,,,"MISS LAYUP by KIME,CHRISTINA",,,"MISS LAYUP by KIME,CHRISTINA",1,layup,missed,austin college,christina kime,,614
74,17,austin,Centre College,Austin College,78-54,78,54,"32, 46, 78","34, 20, 54",32,46,78,34,20,54,"16-1, 10-0","1-18, 1-9",01/27/12,Win,95,No Location Recorded,6:00 PM,A,74,10:14,"BLOCK  by BENHAM,CHELSEA",,,,,,,"BLOCK  by BENHAM,CHELSEA",1,block,,Centre,chelsea benham,,614
75,17,austin,Centre College,Austin College,78-54,78,54,"32, 46, 78","34, 20, 54",32,46,78,34,20,54,"16-1, 10-0","1-18, 1-9",01/27/12,Win,95,No Location Recorded,6:00 PM,A,75,--,"REBOUND DEF by BENHAM,CHELSEA",,,,,,,"REBOUND DEF by BENHAM,CHELSEA",1,defensive rebound,,Centre,chelsea benham,,
76,17,austin,Centre College,Austin College,78-54,78,54,"32, 46, 78","34, 20, 54",32,46,78,34,20,54,"16-1, 10-0","1-18, 1-9",01/27/12,Win,95,No Location Recorded,6:00 PM,A,76,10:14,"TURNOVER  by BENHAM,CHELSEA",,,,,,,"TURNOVER  by BENHAM,CHELSEA",1,turnover,,Centre,chelsea benham,,614
77,17,austin,Centre College,Austin College,78-54,78,54,"32, 46, 78","34, 20, 54",32,46,78,34,20,54,"16-1, 10-0","1-18, 1-9",01/27/12,Win,95,No Location Recorded,6:00 PM,A,77,10:14,,,,,"STEAL  by LONGO,JENNA",,,"STEAL  by LONGO,JENNA",1,steal,,austin college,,,614
78,17,austin,Centre College,Austin College,78-54,78,54,"32, 46, 78","34, 20, 54",32,46,78,34,20,54,"16-1, 10-0","1-18, 1-9",01/27/12,Win,95,No Location Recorded,6:00 PM,A,78,10:14,,18 (+3),,15,"GOOD 3PTR by KINCAID,NIKKI",AC-W 18-15 (+3),,"GOOD 3PTR by KINCAID,NIKKI",1,three pointer,good,austin college,nikki kincaid,3,614
79,17,austin,Centre College,Austin College,78-54,78,54,"32, 46, 78","34, 20, 54",32,46,78,34,20,54,"16-1, 10-0","1-18, 1-9",01/27/12,Win,95,No Location Recorded,6:00 PM,A,79,--,,,,,"ASSIST  by KINCAID,NIKKI",,,"ASSIST  by KINCAID,NIKKI",1,assist,,austin college,nikki kincaid,,
80,17,austin,Centre College,Austin College,78-54,78,54,"32, 46, 78","34, 20, 54",32,46,78,34,20,54,"16-1, 10-0","1-18, 1-9",01/27/12,Win,95,No Location Recorded,6:00 PM,A,80,10:03,"MISS 3PTR by PREWITT,MAGGIE",,,,,,,"MISS 3PTR by PREWITT,MAGGIE",1,three pointer,missed,Centre,maggie prewitt,,603
81,17,austin,Centre College,Austin College,78-54,78,54,"32, 46, 78","34, 20, 54",32,46,78,34,20,54,"16-1, 10-0","1-18, 1-9",01/27/12,Win,95,No Location Recorded,6:00 PM,A,81,--,REBOUND OFF by TEAM,,,,,,,REBOUND OFF by TEAM,1,offensive rebound,,Centre,,,
82,17,austin,Centre College,Austin College,78-54,78,54,"32, 46, 78","34, 20, 54",32,46,78,34,20,54,"16-1, 10-0","1-18, 1-9",01/27/12,Win,95,No Location Recorded,6:00 PM,A,82,09:20,"MISS JUMPER by BENHAM,CHELSEA",,,,,,,"MISS JUMPER by BENHAM,CHELSEA",1,jumper,missed,Centre,chelsea benham,,560
83,17,austin,Centre College,Austin College,78-54,78,54,"32, 46, 78","34, 20, 54",32,46,78,34,20,54,"16-1, 10-0","1-18, 1-9",01/27/12,Win,95,No Location Recorded,6:00 PM,A,83,--,,,,,"REBOUND DEF by KIME,CHRISTINA",,,"REBOUND DEF by KIME,CHRISTINA",1,defensive rebound,,austin college,christina kime,,
84,17,austin,Centre College,Austin College,78-54,78,54,"32, 46, 78","34, 20, 54",32,46,78,34,20,54,"16-1, 10-0","1-18, 1-9",01/27/12,Win,95,No Location Recorded,6:00 PM,A,84,08:56,,18 (+1),,17,"GOOD LAYUP by KIME,CHRISTINA(in the paint)",AC-W 18-17 (+1),,"GOOD LAYUP by KIME,CHRISTINA(in the paint)",1,layup,good,austin college,christina kime,2,536
85,17,austin,Centre College,Austin College,78-54,78,54,"32, 46, 78","34, 20, 54",32,46,78,34,20,54,"16-1, 10-0","1-18, 1-9",01/27/12,Win,95,No Location Recorded,6:00 PM,A,85,08:54,"FOUL  by PREWITT,MAGGIE",,,,,,,"FOUL  by PREWITT,MAGGIE",1,foul,,Centre,maggie prewitt,,534
86,17,austin,Centre College,Austin College,78-54,78,54,"32, 46, 78","34, 20, 54",32,46,78,34,20,54,"16-1, 10-0","1-18, 1-9",01/27/12,Win,95,No Location Recorded,6:00 PM,A,86,08:54,,18,,18,"GOOD FT by KIME,CHRISTINA",AC-W 18-18 (0),,"GOOD FT by KIME,CHRISTINA",1,free throw,good,austin college,christina kime,1,534
87,17,austin,Centre College,Austin College,78-54,78,54,"32, 46, 78","34, 20, 54",32,46,78,34,20,54,"16-1, 10-0","1-18, 1-9",01/27/12,Win,95,No Location Recorded,6:00 PM,A,87,08:39,"TURNOVER  by HARTLAGE,MAGGIE",,,,,,,"TURNOVER  by HARTLAGE,MAGGIE",1,turnover,,Centre,maggie hartlage,,519
88,17,austin,Centre College,Austin College,78-54,78,54,"32, 46, 78","34, 20, 54",32,46,78,34,20,54,"16-1, 10-0","1-18, 1-9",01/27/12,Win,95,No Location Recorded,6:00 PM,A,88,08:39,,,,,"STEAL  by MARUSICH,KERSTI",,,"STEAL  by MARUSICH,KERSTI",1,steal,,austin college,,,519
89,17,austin,Centre College,Austin College,78-54,78,54,"32, 46, 78","34, 20, 54",32,46,78,34,20,54,"16-1, 10-0","1-18, 1-9",01/27/12,Win,95,No Location Recorded,6:00 PM,A,89,08:19,,18,,21 (+3),"GOOD 3PTR by KIME,CHRISTINA",AC-W 18-21 (-3),,"GOOD 3PTR by KIME,CHRISTINA",1,three pointer,good,austin college,christina kime,3,499
90,17,austin,Centre College,Austin College,78-54,78,54,"32, 46, 78","34, 20, 54",32,46,78,34,20,54,"16-1, 10-0","1-18, 1-9",01/27/12,Win,95,No Location Recorded,6:00 PM,A,90,07:58,"GOOD JUMPER by BAECHLE,PAIGE",20,,21 (+1),,CENTRE_W 20-21 (-1),,"GOOD JUMPER by BAECHLE,PAIGE",1,jumper,good,Centre,paige baechle,2,478
91,17,austin,Centre College,Austin College,78-54,78,54,"32, 46, 78","34, 20, 54",32,46,78,34,20,54,"16-1, 10-0","1-18, 1-9",01/27/12,Win,95,No Location Recorded,6:00 PM,A,91,--,"ASSIST  by HUTER,LAUREN",,,,,,,"ASSIST  by HUTER,LAUREN",1,assist,,Centre,lauren huter,,
92,17,austin,Centre College,Austin College,78-54,78,54,"32, 46, 78","34, 20, 54",32,46,78,34,20,54,"16-1, 10-0","1-18, 1-9",01/27/12,Win,95,No Location Recorded,6:00 PM,A,92,07:40,,20,,24 (+4),"GOOD 3PTR by KIME,CHRISTINA",AC-W 20-24 (-4),,"GOOD 3PTR by KIME,CHRISTINA",1,three pointer,good,austin college,christina kime,3,460
93,17,austin,Centre College,Austin College,78-54,78,54,"32, 46, 78","34, 20, 54",32,46,78,34,20,54,"16-1, 10-0","1-18, 1-9",01/27/12,Win,95,No Location Recorded,6:00 PM,A,93,--,,,,,"ASSIST  by KINCAID,NIKKI",,,"ASSIST  by KINCAID,NIKKI",1,assist,,austin college,nikki kincaid,,
94,17,austin,Centre College,Austin College,78-54,78,54,"32, 46, 78","34, 20, 54",32,46,78,34,20,54,"16-1, 10-0","1-18, 1-9",01/27/12,Win,95,No Location Recorded,6:00 PM,A,94,07:35,TIMEOUT TEAM by TEAM,,,,,,,TIMEOUT TEAM by TEAM,1,timeout,,Centre,,,455
95,17,austin,Centre College,Austin College,78-54,78,54,"32, 46, 78","34, 20, 54",32,46,78,34,20,54,"16-1, 10-0","1-18, 1-9",01/27/12,Win,95,No Location Recorded,6:00 PM,A,95,07:24,,,,,"FOUL  by MARUSICH,KERSTI",,,"FOUL  by MARUSICH,KERSTI",1,foul,,austin college,kersti marusich,,444
96,17,austin,Centre College,Austin College,78-54,78,54,"32, 46, 78","34, 20, 54",32,46,78,34,20,54,"16-1, 10-0","1-18, 1-9",01/27/12,Win,95,No Location Recorded,6:00 PM,A,96,07:24,"GOOD FT by HARTLAGE,MAGGIE",21,,24 (+3),,CENTRE_W 21-24 (-3),,"GOOD FT by HARTLAGE,MAGGIE",1,free throw,good,Centre,maggie hartlage,1,444
97,17,austin,Centre College,Austin College,78-54,78,54,"32, 46, 78","34, 20, 54",32,46,78,34,20,54,"16-1, 10-0","1-18, 1-9",01/27/12,Win,95,No Location Recorded,6:00 PM,A,97,07:24,"GOOD FT by HARTLAGE,MAGGIE",22,,24 (+2),,CENTRE_W 22-24 (-2),,"GOOD FT by HARTLAGE,MAGGIE",1,free throw,good,Centre,maggie hartlage,1,444
98,17,austin,Centre College,Austin College,78-54,78,54,"32, 46, 78","34, 20, 54",32,46,78,34,20,54,"16-1, 10-0","1-18, 1-9",01/27/12,Win,95,No Location Recorded,6:00 PM,A,98,07:19,,,,,"TURNOVER  by KIME,CHRISTINA",,,"TURNOVER  by KIME,CHRISTINA",1,turnover,,austin college,christina kime,,439
99,17,austin,Centre College,Austin College,78-54,78,54,"32, 46, 78","34, 20, 54",32,46,78,34,20,54,"16-1, 10-0","1-18, 1-9",01/27/12,Win,95,No Location Recorded,6:00 PM,A,99,07:18,"STEAL  by GOATLEY,JANE",,,,,,,"STEAL  by GOATLEY,JANE",1,steal,,Centre,,,438
100,17,austin,Centre College,Austin College,78-54,78,54,"32, 46, 78","34, 20, 54",32,46,78,34,20,54,"16-1, 10-0","1-18, 1-9",01/27/12,Win,95,No Location Recorded,6:00 PM,A,100,07:18,,,,,"FOUL  by KIME,CHRISTINA",,,"FOUL  by KIME,CHRISTINA",1,foul,,austin college,christina kime,,438
101,17,austin,Centre College,Austin College,78-54,78,54,"32, 46, 78","34, 20, 54",32,46,78,34,20,54,"16-1, 10-0","1-18, 1-9",01/27/12,Win,95,No Location Recorded,6:00 PM,A,101,07:15,"MISS JUMPER by HUTER,LAUREN",,,,,,,"MISS JUMPER by HUTER,LAUREN",1,jumper,missed,Centre,lauren huter,,435
102,17,austin,Centre College,Austin College,78-54,78,54,"32, 46, 78","34, 20, 54",32,46,78,34,20,54,"16-1, 10-0","1-18, 1-9",01/27/12,Win,95,No Location Recorded,6:00 PM,A,102,--,,,,,"REBOUND DEF by TAYLOR,ALLISON",,,"REBOUND DEF by TAYLOR,ALLISON",1,defensive rebound,,austin college,allison taylor,,
103,17,austin,Centre College,Austin College,78-54,78,54,"32, 46, 78","34, 20, 54",32,46,78,34,20,54,"16-1, 10-0","1-18, 1-9",01/27/12,Win,95,No Location Recorded,6:00 PM,A,103,06:49,,22,,27 (+5),"GOOD 3PTR by KINCAID,NIKKI",AC-W 22-27 (-5),,"GOOD 3PTR by KINCAID,NIKKI",1,three pointer,good,austin college,nikki kincaid,3,409
104,17,austin,Centre College,Austin College,78-54,78,54,"32, 46, 78","34, 20, 54",32,46,78,34,20,54,"16-1, 10-0","1-18, 1-9",01/27/12,Win,95,No Location Recorded,6:00 PM,A,104,--,,,,,"ASSIST  by KIME,CHRISTINA",,,"ASSIST  by KIME,CHRISTINA",1,assist,,austin college,christina kime,,
105,17,austin,Centre College,Austin College,78-54,78,54,"32, 46, 78","34, 20, 54",32,46,78,34,20,54,"16-1, 10-0","1-18, 1-9",01/27/12,Win,95,No Location Recorded,6:00 PM,A,105,06:29,"MISS LAYUP by MIRE,JENNA",,,,,,,"MISS LAYUP by MIRE,JENNA",1,layup,missed,Centre,jenna mire,,389
106,17,austin,Centre College,Austin College,78-54,78,54,"32, 46, 78","34, 20, 54",32,46,78,34,20,54,"16-1, 10-0","1-18, 1-9",01/27/12,Win,95,No Location Recorded,6:00 PM,A,106,--,,,,,"REBOUND DEF by MARUSICH,KERSTI",,,"REBOUND DEF by MARUSICH,KERSTI",1,defensive rebound,,austin college,kersti marusich,,
107,17,austin,Centre College,Austin College,78-54,78,54,"32, 46, 78","34, 20, 54",32,46,78,34,20,54,"16-1, 10-0","1-18, 1-9",01/27/12,Win,95,No Location Recorded,6:00 PM,A,107,06:18,,,,,"MISS 3PTR by KINCAID,NIKKI",,,"MISS 3PTR by KINCAID,NIKKI",1,three pointer,missed,austin college,nikki kincaid,,378
108,17,austin,Centre College,Austin College,78-54,78,54,"32, 46, 78","34, 20, 54",32,46,78,34,20,54,"16-1, 10-0","1-18, 1-9",01/27/12,Win,95,No Location Recorded,6:00 PM,A,108,--,"REBOUND DEF by HARTLAGE,MAGGIE",,,,,,,"REBOUND DEF by HARTLAGE,MAGGIE",1,defensive rebound,,Centre,maggie hartlage,,
109,17,austin,Centre College,Austin College,78-54,78,54,"32, 46, 78","34, 20, 54",32,46,78,34,20,54,"16-1, 10-0","1-18, 1-9",01/27/12,Win,95,No Location Recorded,6:00 PM,A,109,06:07,"MISS LAYUP by HUTER,LAUREN",,,,,,,"MISS LAYUP by HUTER,LAUREN",1,layup,missed,Centre,lauren huter,,367
110,17,austin,Centre College,Austin College,78-54,78,54,"32, 46, 78","34, 20, 54",32,46,78,34,20,54,"16-1, 10-0","1-18, 1-9",01/27/12,Win,95,No Location Recorded,6:00 PM,A,110,--,,,,,"REBOUND DEF by TAYLOR,ALLISON",,,"REBOUND DEF by TAYLOR,ALLISON",1,defensive rebound,,austin college,allison taylor,,
111,17,austin,Centre College,Austin College,78-54,78,54,"32, 46, 78","34, 20, 54",32,46,78,34,20,54,"16-1, 10-0","1-18, 1-9",01/27/12,Win,95,No Location Recorded,6:00 PM,A,111,05:53,,,,,"MISS 3PTR by MARUSICH,KERSTI",,,"MISS 3PTR by MARUSICH,KERSTI",1,three pointer,missed,austin college,kersti marusich,,353
112,17,austin,Centre College,Austin College,78-54,78,54,"32, 46, 78","34, 20, 54",32,46,78,34,20,54,"16-1, 10-0","1-18, 1-9",01/27/12,Win,95,No Location Recorded,6:00 PM,A,112,--,"REBOUND DEF by GOATLEY,JANE",,,,,,,"REBOUND DEF by GOATLEY,JANE",1,defensive rebound,,Centre,jane goatley,,
113,17,austin,Centre College,Austin College,78-54,78,54,"32, 46, 78","34, 20, 54",32,46,78,34,20,54,"16-1, 10-0","1-18, 1-9",01/27/12,Win,95,No Location Recorded,6:00 PM,A,113,05:32,"GOOD LAYUP by HUTER,LAUREN(in the paint)",24,,27 (+3),,CENTRE_W 24-27 (-3),,"GOOD LAYUP by HUTER,LAUREN(in the paint)",1,layup,good,Centre,lauren huter,2,332
114,17,austin,Centre College,Austin College,78-54,78,54,"32, 46, 78","34, 20, 54",32,46,78,34,20,54,"16-1, 10-0","1-18, 1-9",01/27/12,Win,95,No Location Recorded,6:00 PM,A,114,--,"ASSIST  by GOATLEY,JANE",,,,,,,"ASSIST  by GOATLEY,JANE",1,assist,,Centre,jane goatley,,
115,17,austin,Centre College,Austin College,78-54,78,54,"32, 46, 78","34, 20, 54",32,46,78,34,20,54,"16-1, 10-0","1-18, 1-9",01/27/12,Win,95,No Location Recorded,6:00 PM,A,115,05:04,,,,,"MISS JUMPER by TAYLOR,ALLISON",,,"MISS JUMPER by TAYLOR,ALLISON",1,jumper,missed,austin college,allison taylor,,304
116,17,austin,Centre College,Austin College,78-54,78,54,"32, 46, 78","34, 20, 54",32,46,78,34,20,54,"16-1, 10-0","1-18, 1-9",01/27/12,Win,95,No Location Recorded,6:00 PM,A,116,05:04,"BLOCK  by HUTER,LAUREN",,,,,,,"BLOCK  by HUTER,LAUREN",1,block,,Centre,lauren huter,,304
117,17,austin,Centre College,Austin College,78-54,78,54,"32, 46, 78","34, 20, 54",32,46,78,34,20,54,"16-1, 10-0","1-18, 1-9",01/27/12,Win,95,No Location Recorded,6:00 PM,A,117,--,,,,,"REBOUND OFF by TAYLOR,ALLISON",,,"REBOUND OFF by TAYLOR,ALLISON",1,offensive rebound,,austin college,allison taylor,,
118,17,austin,Centre College,Austin College,78-54,78,54,"32, 46, 78","34, 20, 54",32,46,78,34,20,54,"16-1, 10-0","1-18, 1-9",01/27/12,Win,95,No Location Recorded,6:00 PM,A,118,05:01,,,,,"TURNOVER  by KINCAID,NIKKI",,,"TURNOVER  by KINCAID,NIKKI",1,turnover,,austin college,nikki kincaid,,301
119,17,austin,Centre College,Austin College,78-54,78,54,"32, 46, 78","34, 20, 54",32,46,78,34,20,54,"16-1, 10-0","1-18, 1-9",01/27/12,Win,95,No Location Recorded,6:00 PM,A,119,05:00,"STEAL  by BENHAM,CHELSEA",,,,,,,"STEAL  by BENHAM,CHELSEA",1,steal,,Centre,,,300
120,17,austin,Centre College,Austin College,78-54,78,54,"32, 46, 78","34, 20, 54",32,46,78,34,20,54,"16-1, 10-0","1-18, 1-9",01/27/12,Win,95,No Location Recorded,6:00 PM,A,120,04:57,,,,,"FOUL  by TAYLOR,ALLISON",,,"FOUL  by TAYLOR,ALLISON",1,foul,,austin college,allison taylor,,297
121,17,austin,Centre College,Austin College,78-54,78,54,"32, 46, 78","34, 20, 54",32,46,78,34,20,54,"16-1, 10-0","1-18, 1-9",01/27/12,Win,95,No Location Recorded,6:00 PM,A,121,04:57,"GOOD FT by BENHAM,CHELSEA",25,,27 (+2),,CENTRE_W 25-27 (-2),,"GOOD FT by BENHAM,CHELSEA",1,free throw,good,Centre,chelsea benham,1,297
122,17,austin,Centre College,Austin College,78-54,78,54,"32, 46, 78","34, 20, 54",32,46,78,34,20,54,"16-1, 10-0","1-18, 1-9",01/27/12,Win,95,No Location Recorded,6:00 PM,A,122,04:57,"GOOD FT by BENHAM,CHELSEA",26,,27 (+1),,CENTRE_W 26-27 (-1),,"GOOD FT by BENHAM,CHELSEA",1,free throw,good,Centre,chelsea benham,1,297
123,17,austin,Centre College,Austin College,78-54,78,54,"32, 46, 78","34, 20, 54",32,46,78,34,20,54,"16-1, 10-0","1-18, 1-9",01/27/12,Win,95,No Location Recorded,6:00 PM,A,123,04:53,,,,,"TURNOVER  by YOUNG,ANGELEENA",,,"TURNOVER  by YOUNG,ANGELEENA",1,turnover,,austin college,angeleena young,,293
124,17,austin,Centre College,Austin College,78-54,78,54,"32, 46, 78","34, 20, 54",32,46,78,34,20,54,"16-1, 10-0","1-18, 1-9",01/27/12,Win,95,No Location Recorded,6:00 PM,A,124,04:52,"STEAL  by BAECHLE,PAIGE",,,,,,,"STEAL  by BAECHLE,PAIGE",1,steal,,Centre,,,292
125,17,austin,Centre College,Austin College,78-54,78,54,"32, 46, 78","34, 20, 54",32,46,78,34,20,54,"16-1, 10-0","1-18, 1-9",01/27/12,Win,95,No Location Recorded,6:00 PM,A,125,04:46,"FOUL  by BENHAM,CHELSEA",,,,,,,"FOUL  by BENHAM,CHELSEA",1,foul,,Centre,chelsea benham,,286
126,17,austin,Centre College,Austin College,78-54,78,54,"32, 46, 78","34, 20, 54",32,46,78,34,20,54,"16-1, 10-0","1-18, 1-9",01/27/12,Win,95,No Location Recorded,6:00 PM,A,126,04:46,"TURNOVER  by BENHAM,CHELSEA",,,,,,,"TURNOVER  by BENHAM,CHELSEA",1,turnover,,Centre,chelsea benham,,286
127,17,austin,Centre College,Austin College,78-54,78,54,"32, 46, 78","34, 20, 54",32,46,78,34,20,54,"16-1, 10-0","1-18, 1-9",01/27/12,Win,95,No Location Recorded,6:00 PM,A,127,04:36,,26,,29 (+3),"GOOD LAYUP by TAYLOR,ALLISON(in the paint)",AC-W 26-29 (-3),,"GOOD LAYUP by TAYLOR,ALLISON(in the paint)",1,layup,good,austin college,allison taylor,2,276
128,17,austin,Centre College,Austin College,78-54,78,54,"32, 46, 78","34, 20, 54",32,46,78,34,20,54,"16-1, 10-0","1-18, 1-9",01/27/12,Win,95,No Location Recorded,6:00 PM,A,128,--,,,,,"ASSIST  by KIME,CHRISTINA",,,"ASSIST  by KIME,CHRISTINA",1,assist,,austin college,christina kime,,
129,17,austin,Centre College,Austin College,78-54,78,54,"32, 46, 78","34, 20, 54",32,46,78,34,20,54,"16-1, 10-0","1-18, 1-9",01/27/12,Win,95,No Location Recorded,6:00 PM,A,129,04:21,"TURNOVER  by BENHAM,CHELSEA",,,,,,,"TURNOVER  by BENHAM,CHELSEA",1,turnover,,Centre,chelsea benham,,261
130,17,austin,Centre College,Austin College,78-54,78,54,"32, 46, 78","34, 20, 54",32,46,78,34,20,54,"16-1, 10-0","1-18, 1-9",01/27/12,Win,95,No Location Recorded,6:00 PM,A,130,04:20,,,,,"STEAL  by TAYLOR,ALLISON",,,"STEAL  by TAYLOR,ALLISON",1,steal,,austin college,,,260
131,17,austin,Centre College,Austin College,78-54,78,54,"32, 46, 78","34, 20, 54",32,46,78,34,20,54,"16-1, 10-0","1-18, 1-9",01/27/12,Win,95,No Location Recorded,6:00 PM,A,131,03:56,,,,,"MISS 3PTR by KIME,CHRISTINA",,,"MISS 3PTR by KIME,CHRISTINA",1,three pointer,missed,austin college,christina kime,,236
132,17,austin,Centre College,Austin College,78-54,78,54,"32, 46, 78","34, 20, 54",32,46,78,34,20,54,"16-1, 10-0","1-18, 1-9",01/27/12,Win,95,No Location Recorded,6:00 PM,A,132,--,"REBOUND DEF by WINSTEAD,BRIDGET",,,,,,,"REBOUND DEF by WINSTEAD,BRIDGET",1,defensive rebound,,Centre,bridget winstead,,
133,17,austin,Centre College,Austin College,78-54,78,54,"32, 46, 78","34, 20, 54",32,46,78,34,20,54,"16-1, 10-0","1-18, 1-9",01/27/12,Win,95,No Location Recorded,6:00 PM,A,133,03:41,"GOOD LAYUP by MIRE,JENNA(in the paint)",28,,29 (+1),,CENTRE_W 28-29 (-1),,"GOOD LAYUP by MIRE,JENNA(in the paint)",1,layup,good,Centre,jenna mire,2,221
134,17,austin,Centre College,Austin College,78-54,78,54,"32, 46, 78","34, 20, 54",32,46,78,34,20,54,"16-1, 10-0","1-18, 1-9",01/27/12,Win,95,No Location Recorded,6:00 PM,A,134,03:10,,,,,"MISS JUMPER by BEESON,LEXI",,,"MISS JUMPER by BEESON,LEXI",1,jumper,missed,austin college,lexi beeson,,190
135,17,austin,Centre College,Austin College,78-54,78,54,"32, 46, 78","34, 20, 54",32,46,78,34,20,54,"16-1, 10-0","1-18, 1-9",01/27/12,Win,95,No Location Recorded,6:00 PM,A,135,--,"REBOUND DEF by BAECHLE,PAIGE",,,,,,,"REBOUND DEF by BAECHLE,PAIGE",1,defensive rebound,,Centre,paige baechle,,
136,17,austin,Centre College,Austin College,78-54,78,54,"32, 46, 78","34, 20, 54",32,46,78,34,20,54,"16-1, 10-0","1-18, 1-9",01/27/12,Win,95,No Location Recorded,6:00 PM,A,136,03:03,"GOOD JUMPER by HARTLAGE,MAGGIE",30 (+1),,29,,CENTRE_W 30-29 (+1),,"GOOD JUMPER by HARTLAGE,MAGGIE",1,jumper,good,Centre,maggie hartlage,2,183
137,17,austin,Centre College,Austin College,78-54,78,54,"32, 46, 78","34, 20, 54",32,46,78,34,20,54,"16-1, 10-0","1-18, 1-9",01/27/12,Win,95,No Location Recorded,6:00 PM,A,137,--,"ASSIST  by BAECHLE,PAIGE",,,,,,,"ASSIST  by BAECHLE,PAIGE",1,assist,,Centre,paige baechle,,
138,17,austin,Centre College,Austin College,78-54,78,54,"32, 46, 78","34, 20, 54",32,46,78,34,20,54,"16-1, 10-0","1-18, 1-9",01/27/12,Win,95,No Location Recorded,6:00 PM,A,138,02:33,,,,,"MISS 3PTR by BEESON,LEXI",,,"MISS 3PTR by BEESON,LEXI",1,three pointer,missed,austin college,lexi beeson,,153
139,17,austin,Centre College,Austin College,78-54,78,54,"32, 46, 78","34, 20, 54",32,46,78,34,20,54,"16-1, 10-0","1-18, 1-9",01/27/12,Win,95,No Location Recorded,6:00 PM,A,139,--,,,,,"REBOUND OFF by TAYLOR,ALLISON",,,"REBOUND OFF by TAYLOR,ALLISON",1,offensive rebound,,austin college,allison taylor,,
140,17,austin,Centre College,Austin College,78-54,78,54,"32, 46, 78","34, 20, 54",32,46,78,34,20,54,"16-1, 10-0","1-18, 1-9",01/27/12,Win,95,No Location Recorded,6:00 PM,A,140,02:30,,30,,31 (+1),"GOOD LAYUP by TAYLOR,ALLISON(in the paint)",AC-W 30-31 (-1),,"GOOD LAYUP by TAYLOR,ALLISON(in the paint)",1,layup,good,austin college,allison taylor,2,150
141,17,austin,Centre College,Austin College,78-54,78,54,"32, 46, 78","34, 20, 54",32,46,78,34,20,54,"16-1, 10-0","1-18, 1-9",01/27/12,Win,95,No Location Recorded,6:00 PM,A,141,02:09,"MISS 3PTR by HARTLAGE,MAGGIE",,,,,,,"MISS 3PTR by HARTLAGE,MAGGIE",1,three pointer,missed,Centre,maggie hartlage,,129
142,17,austin,Centre College,Austin College,78-54,78,54,"32, 46, 78","34, 20, 54",32,46,78,34,20,54,"16-1, 10-0","1-18, 1-9",01/27/12,Win,95,No Location Recorded,6:00 PM,A,142,--,,,,,"REBOUND DEF by LONGO,JENNA",,,"REBOUND DEF by LONGO,JENNA",1,defensive rebound,,austin college,jenna longo,,
143,17,austin,Centre College,Austin College,78-54,78,54,"32, 46, 78","34, 20, 54",32,46,78,34,20,54,"16-1, 10-0","1-18, 1-9",01/27/12,Win,95,No Location Recorded,6:00 PM,A,143,01:55,,,,,"MISS 3PTR by YOUNG,ANGELEENA",,,"MISS 3PTR by YOUNG,ANGELEENA",1,three pointer,missed,austin college,angeleena young,,115
144,17,austin,Centre College,Austin College,78-54,78,54,"32, 46, 78","34, 20, 54",32,46,78,34,20,54,"16-1, 10-0","1-18, 1-9",01/27/12,Win,95,No Location Recorded,6:00 PM,A,144,--,"REBOUND DEF by MIRE,JENNA",,,,,,,"REBOUND DEF by MIRE,JENNA",1,defensive rebound,,Centre,jenna mire,,
145,17,austin,Centre College,Austin College,78-54,78,54,"32, 46, 78","34, 20, 54",32,46,78,34,20,54,"16-1, 10-0","1-18, 1-9",01/27/12,Win,95,No Location Recorded,6:00 PM,A,145,01:52,,,,,"FOUL  by BEESON,LEXI",,,"FOUL  by BEESON,LEXI",1,foul,,austin college,lexi beeson,,112
146,17,austin,Centre College,Austin College,78-54,78,54,"32, 46, 78","34, 20, 54",32,46,78,34,20,54,"16-1, 10-0","1-18, 1-9",01/27/12,Win,95,No Location Recorded,6:00 PM,A,146,01:52,"GOOD FT by MIRE,JENNA",31,,31,,CENTRE_W 31-31 (0),,"GOOD FT by MIRE,JENNA",1,free throw,good,Centre,jenna mire,1,112
147,17,austin,Centre College,Austin College,78-54,78,54,"32, 46, 78","34, 20, 54",32,46,78,34,20,54,"16-1, 10-0","1-18, 1-9",01/27/12,Win,95,No Location Recorded,6:00 PM,A,147,01:52,"GOOD FT by MIRE,JENNA",32 (+1),,31,,CENTRE_W 32-31 (+1),,"GOOD FT by MIRE,JENNA",1,free throw,good,Centre,jenna mire,1,112
148,17,austin,Centre College,Austin College,78-54,78,54,"32, 46, 78","34, 20, 54",32,46,78,34,20,54,"16-1, 10-0","1-18, 1-9",01/27/12,Win,95,No Location Recorded,6:00 PM,A,148,01:27,,,,,"MISS JUMPER by KIME,CHRISTINA",,,"MISS JUMPER by KIME,CHRISTINA",1,jumper,missed,austin college,christina kime,,87
149,17,austin,Centre College,Austin College,78-54,78,54,"32, 46, 78","34, 20, 54",32,46,78,34,20,54,"16-1, 10-0","1-18, 1-9",01/27/12,Win,95,No Location Recorded,6:00 PM,A,149,--,,,,,"REBOUND OFF by BEESON,LEXI",,,"REBOUND OFF by BEESON,LEXI",1,offensive rebound,,austin college,lexi beeson,,
150,17,austin,Centre College,Austin College,78-54,78,54,"32, 46, 78","34, 20, 54",32,46,78,34,20,54,"16-1, 10-0","1-18, 1-9",01/27/12,Win,95,No Location Recorded,6:00 PM,A,150,01:22,,,,,"MISS JUMPER by TAYLOR,ALLISON",,,"MISS JUMPER by TAYLOR,ALLISON",1,jumper,missed,austin college,allison taylor,,82
151,17,austin,Centre College,Austin College,78-54,78,54,"32, 46, 78","34, 20, 54",32,46,78,34,20,54,"16-1, 10-0","1-18, 1-9",01/27/12,Win,95,No Location Recorded,6:00 PM,A,151,--,"REBOUND DEF by GOATLEY,JANE",,,,,,,"REBOUND DEF by GOATLEY,JANE",1,defensive rebound,,Centre,jane goatley,,
152,17,austin,Centre College,Austin College,78-54,78,54,"32, 46, 78","34, 20, 54",32,46,78,34,20,54,"16-1, 10-0","1-18, 1-9",01/27/12,Win,95,No Location Recorded,6:00 PM,A,152,00:54,"MISS JUMPER by GOATLEY,JANE",,,,,,,"MISS JUMPER by GOATLEY,JANE",1,jumper,missed,Centre,jane goatley,,54
153,17,austin,Centre College,Austin College,78-54,78,54,"32, 46, 78","34, 20, 54",32,46,78,34,20,54,"16-1, 10-0","1-18, 1-9",01/27/12,Win,95,No Location Recorded,6:00 PM,A,153,--,,,,,"REBOUND DEF by LONGO,JENNA",,,"REBOUND DEF by LONGO,JENNA",1,defensive rebound,,austin college,jenna longo,,
154,17,austin,Centre College,Austin College,78-54,78,54,"32, 46, 78","34, 20, 54",32,46,78,34,20,54,"16-1, 10-0","1-18, 1-9",01/27/12,Win,95,No Location Recorded,6:00 PM,A,154,00:23,,32,,34 (+2),"GOOD 3PTR by KIME,CHRISTINA",AC-W 32-34 (-2),,"GOOD 3PTR by KIME,CHRISTINA",1,three pointer,good,austin college,christina kime,3,23
155,17,austin,Centre College,Austin College,78-54,78,54,"32, 46, 78","34, 20, 54",32,46,78,34,20,54,"16-1, 10-0","1-18, 1-9",01/27/12,Win,95,No Location Recorded,6:00 PM,A,155,--,,,,,"ASSIST  by LONGO,JENNA",,,"ASSIST  by LONGO,JENNA",1,assist,,austin college,jenna longo,,
156,17,austin,Centre College,Austin College,78-54,78,54,"32, 46, 78","34, 20, 54",32,46,78,34,20,54,"16-1, 10-0","1-18, 1-9",01/27/12,Win,95,No Location Recorded,6:00 PM,A,156,00:12,"MISS JUMPER by BENHAM,CHELSEA",,,,,,,"MISS JUMPER by BENHAM,CHELSEA",1,jumper,missed,Centre,chelsea benham,,12
157,17,austin,Centre College,Austin College,78-54,78,54,"32, 46, 78","34, 20, 54",32,46,78,34,20,54,"16-1, 10-0","1-18, 1-9",01/27/12,Win,95,No Location Recorded,6:00 PM,A,157,--,,,,,"REBOUND DEF by KIME,CHRISTINA",,,"REBOUND DEF by KIME,CHRISTINA",1,defensive rebound,,austin college,christina kime,,
158,17,austin,Centre College,Austin College,78-54,78,54,"32, 46, 78","34, 20, 54",32,46,78,34,20,54,"16-1, 10-0","1-18, 1-9",01/27/12,Win,95,No Location Recorded,6:00 PM,A,158,00:01,,,,,"TURNOVER  by KIME,CHRISTINA",,,"TURNOVER  by KIME,CHRISTINA",1,turnover,,austin college,christina kime,,1
159,17,austin,Centre College,Austin College,78-54,78,54,"32, 46, 78","34, 20, 54",32,46,78,34,20,54,"16-1, 10-0","1-18, 1-9",01/27/12,Win,95,No Location Recorded,6:00 PM,A,159,Start Period 2,,,,,,,,,2,,,,,,
160,17,austin,Centre College,Austin College,78-54,78,54,"32, 46, 78","34, 20, 54",32,46,78,34,20,54,"16-1, 10-0","1-18, 1-9",01/27/12,Win,95,No Location Recorded,6:00 PM,A,160,19:49,,,,,"MISS LAYUP by KIME,CHRISTINA",,,"MISS LAYUP by KIME,CHRISTINA",2,layup,missed,austin college,christina kime,,1189
161,17,austin,Centre College,Austin College,78-54,78,54,"32, 46, 78","34, 20, 54",32,46,78,34,20,54,"16-1, 10-0","1-18, 1-9",01/27/12,Win,95,No Location Recorded,6:00 PM,A,161,--,"REBOUND DEF by WINSTEAD,BRIDGET",,,,,,,"REBOUND DEF by WINSTEAD,BRIDGET",2,defensive rebound,,Centre,bridget winstead,,
162,17,austin,Centre College,Austin College,78-54,78,54,"32, 46, 78","34, 20, 54",32,46,78,34,20,54,"16-1, 10-0","1-18, 1-9",01/27/12,Win,95,No Location Recorded,6:00 PM,A,162,19:32,"TURNOVER  by PREWITT,MAGGIE",,,,,,,"TURNOVER  by PREWITT,MAGGIE",2,turnover,,Centre,maggie prewitt,,1172
163,17,austin,Centre College,Austin College,78-54,78,54,"32, 46, 78","34, 20, 54",32,46,78,34,20,54,"16-1, 10-0","1-18, 1-9",01/27/12,Win,95,No Location Recorded,6:00 PM,A,163,19:05,,,,,"MISS LAYUP by KIME,CHRISTINA",,,"MISS LAYUP by KIME,CHRISTINA",2,layup,missed,austin college,christina kime,,1145
164,17,austin,Centre College,Austin College,78-54,78,54,"32, 46, 78","34, 20, 54",32,46,78,34,20,54,"16-1, 10-0","1-18, 1-9",01/27/12,Win,95,No Location Recorded,6:00 PM,A,164,--,,,,,"REBOUND OFF by TAYLOR,ALLISON",,,"REBOUND OFF by TAYLOR,ALLISON",2,offensive rebound,,austin college,allison taylor,,
165,17,austin,Centre College,Austin College,78-54,78,54,"32, 46, 78","34, 20, 54",32,46,78,34,20,54,"16-1, 10-0","1-18, 1-9",01/27/12,Win,95,No Location Recorded,6:00 PM,A,165,19:01,,,,,TURNOVER  by TEAM,,,TURNOVER  by TEAM,2,turnover,,austin college,,,1141
166,17,austin,Centre College,Austin College,78-54,78,54,"32, 46, 78","34, 20, 54",32,46,78,34,20,54,"16-1, 10-0","1-18, 1-9",01/27/12,Win,95,No Location Recorded,6:00 PM,A,166,18:48,"GOOD 3PTR by WINSTEAD,BRIDGET",35 (+1),,34,,CENTRE_W 35-34 (+1),,"GOOD 3PTR by WINSTEAD,BRIDGET",2,three pointer,good,Centre,bridget winstead,3,1128
167,17,austin,Centre College,Austin College,78-54,78,54,"32, 46, 78","34, 20, 54",32,46,78,34,20,54,"16-1, 10-0","1-18, 1-9",01/27/12,Win,95,No Location Recorded,6:00 PM,A,167,--,"ASSIST  by PREWITT,MAGGIE",,,,,,,"ASSIST  by PREWITT,MAGGIE",2,assist,,Centre,maggie prewitt,,
168,17,austin,Centre College,Austin College,78-54,78,54,"32, 46, 78","34, 20, 54",32,46,78,34,20,54,"16-1, 10-0","1-18, 1-9",01/27/12,Win,95,No Location Recorded,6:00 PM,A,168,18:31,,,,,"MISS 3PTR by YOUNG,ANGELEENA",,,"MISS 3PTR by YOUNG,ANGELEENA",2,three pointer,missed,austin college,angeleena young,,1111
169,17,austin,Centre College,Austin College,78-54,78,54,"32, 46, 78","34, 20, 54",32,46,78,34,20,54,"16-1, 10-0","1-18, 1-9",01/27/12,Win,95,No Location Recorded,6:00 PM,A,169,--,,,,,"REBOUND OFF by TAYLOR,ALLISON",,,"REBOUND OFF by TAYLOR,ALLISON",2,offensive rebound,,austin college,allison taylor,,
170,17,austin,Centre College,Austin College,78-54,78,54,"32, 46, 78","34, 20, 54",32,46,78,34,20,54,"16-1, 10-0","1-18, 1-9",01/27/12,Win,95,No Location Recorded,6:00 PM,A,170,18:25,,,,,"MISS 3PTR by MARUSICH,KERSTI",,,"MISS 3PTR by MARUSICH,KERSTI",2,three pointer,missed,austin college,kersti marusich,,1105
171,17,austin,Centre College,Austin College,78-54,78,54,"32, 46, 78","34, 20, 54",32,46,78,34,20,54,"16-1, 10-0","1-18, 1-9",01/27/12,Win,95,No Location Recorded,6:00 PM,A,171,--,"REBOUND DEF by PREWITT,MAGGIE",,,,,,,"REBOUND DEF by PREWITT,MAGGIE",2,defensive rebound,,Centre,maggie prewitt,,
172,17,austin,Centre College,Austin College,78-54,78,54,"32, 46, 78","34, 20, 54",32,46,78,34,20,54,"16-1, 10-0","1-18, 1-9",01/27/12,Win,95,No Location Recorded,6:00 PM,A,172,18:13,"GOOD 3PTR by WINSTEAD,BRIDGET",38 (+4),,34,,CENTRE_W 38-34 (+4),,"GOOD 3PTR by WINSTEAD,BRIDGET",2,three pointer,good,Centre,bridget winstead,3,1093
173,17,austin,Centre College,Austin College,78-54,78,54,"32, 46, 78","34, 20, 54",32,46,78,34,20,54,"16-1, 10-0","1-18, 1-9",01/27/12,Win,95,No Location Recorded,6:00 PM,A,173,--,"ASSIST  by HUTER,LAUREN",,,,,,,"ASSIST  by HUTER,LAUREN",2,assist,,Centre,lauren huter,,
174,17,austin,Centre College,Austin College,78-54,78,54,"32, 46, 78","34, 20, 54",32,46,78,34,20,54,"16-1, 10-0","1-18, 1-9",01/27/12,Win,95,No Location Recorded,6:00 PM,A,174,17:48,,,,,"MISS 3PTR by KIME,CHRISTINA",,,"MISS 3PTR by KIME,CHRISTINA",2,three pointer,missed,austin college,christina kime,,1068
175,17,austin,Centre College,Austin College,78-54,78,54,"32, 46, 78","34, 20, 54",32,46,78,34,20,54,"16-1, 10-0","1-18, 1-9",01/27/12,Win,95,No Location Recorded,6:00 PM,A,175,--,REBOUND DEF by TEAM,,,,,,,REBOUND DEF by TEAM,2,defensive rebound,,Centre,,,
176,17,austin,Centre College,Austin College,78-54,78,54,"32, 46, 78","34, 20, 54",32,46,78,34,20,54,"16-1, 10-0","1-18, 1-9",01/27/12,Win,95,No Location Recorded,6:00 PM,A,176,17:30,"GOOD JUMPER by BURKE,ALYSON(in the paint)",40 (+6),,34,,CENTRE_W 40-34 (+6),,"GOOD JUMPER by BURKE,ALYSON(in the paint)",2,jumper,good,Centre,alyson burke,2,1050
177,17,austin,Centre College,Austin College,78-54,78,54,"32, 46, 78","34, 20, 54",32,46,78,34,20,54,"16-1, 10-0","1-18, 1-9",01/27/12,Win,95,No Location Recorded,6:00 PM,A,177,17:08,,40 (+4),,36,"GOOD JUMPER by BEESON,LEXI",AC-W 40-36 (+4),,"GOOD JUMPER by BEESON,LEXI",2,jumper,good,austin college,lexi beeson,2,1028
178,17,austin,Centre College,Austin College,78-54,78,54,"32, 46, 78","34, 20, 54",32,46,78,34,20,54,"16-1, 10-0","1-18, 1-9",01/27/12,Win,95,No Location Recorded,6:00 PM,A,178,--,,,,,"ASSIST  by MARUSICH,KERSTI",,,"ASSIST  by MARUSICH,KERSTI",2,assist,,austin college,kersti marusich,,
179,17,austin,Centre College,Austin College,78-54,78,54,"32, 46, 78","34, 20, 54",32,46,78,34,20,54,"16-1, 10-0","1-18, 1-9",01/27/12,Win,95,No Location Recorded,6:00 PM,A,179,16:50,,,,,"FOUL  by TAYLOR,ALLISON",,,"FOUL  by TAYLOR,ALLISON",2,foul,,austin college,allison taylor,,1010
180,17,austin,Centre College,Austin College,78-54,78,54,"32, 46, 78","34, 20, 54",32,46,78,34,20,54,"16-1, 10-0","1-18, 1-9",01/27/12,Win,95,No Location Recorded,6:00 PM,A,180,16:50,"MISS FT by HUTER,LAUREN",,,,,,,"MISS FT by HUTER,LAUREN",2,free throw,missed,Centre,lauren huter,,1010
181,17,austin,Centre College,Austin College,78-54,78,54,"32, 46, 78","34, 20, 54",32,46,78,34,20,54,"16-1, 10-0","1-18, 1-9",01/27/12,Win,95,No Location Recorded,6:00 PM,A,181,--,REBOUND DEADB by TEAM,,,,,,,REBOUND DEADB by TEAM,2,deadball rebound,,Centre,,,
182,17,austin,Centre College,Austin College,78-54,78,54,"32, 46, 78","34, 20, 54",32,46,78,34,20,54,"16-1, 10-0","1-18, 1-9",01/27/12,Win,95,No Location Recorded,6:00 PM,A,182,16:50,"GOOD FT by HUTER,LAUREN",41 (+5),,36,,CENTRE_W 41-36 (+5),,"GOOD FT by HUTER,LAUREN",2,free throw,good,Centre,lauren huter,1,1010
183,17,austin,Centre College,Austin College,78-54,78,54,"32, 46, 78","34, 20, 54",32,46,78,34,20,54,"16-1, 10-0","1-18, 1-9",01/27/12,Win,95,No Location Recorded,6:00 PM,A,183,16:47,,,,,"TURNOVER  by KIME,CHRISTINA",,,"TURNOVER  by KIME,CHRISTINA",2,turnover,,austin college,christina kime,,1007
184,17,austin,Centre College,Austin College,78-54,78,54,"32, 46, 78","34, 20, 54",32,46,78,34,20,54,"16-1, 10-0","1-18, 1-9",01/27/12,Win,95,No Location Recorded,6:00 PM,A,184,16:46,"STEAL  by PREWITT,MAGGIE",,,,,,,"STEAL  by PREWITT,MAGGIE",2,steal,,Centre,,,1006
185,17,austin,Centre College,Austin College,78-54,78,54,"32, 46, 78","34, 20, 54",32,46,78,34,20,54,"16-1, 10-0","1-18, 1-9",01/27/12,Win,95,No Location Recorded,6:00 PM,A,185,16:45,"GOOD LAYUP by PREWITT,MAGGIE(in the paint)",43 (+7),,36,,CENTRE_W 43-36 (+7),,"GOOD LAYUP by PREWITT,MAGGIE(in the paint)",2,layup,good,Centre,maggie prewitt,2,1005
186,17,austin,Centre College,Austin College,78-54,78,54,"32, 46, 78","34, 20, 54",32,46,78,34,20,54,"16-1, 10-0","1-18, 1-9",01/27/12,Win,95,No Location Recorded,6:00 PM,A,186,16:36,,,,,"MISS LAYUP by MARUSICH,KERSTI",,,"MISS LAYUP by MARUSICH,KERSTI",2,layup,missed,austin college,kersti marusich,,996
187,17,austin,Centre College,Austin College,78-54,78,54,"32, 46, 78","34, 20, 54",32,46,78,34,20,54,"16-1, 10-0","1-18, 1-9",01/27/12,Win,95,No Location Recorded,6:00 PM,A,187,--,"REBOUND DEF by BAECHLE,PAIGE",,,,,,,"REBOUND DEF by BAECHLE,PAIGE",2,defensive rebound,,Centre,paige baechle,,
188,17,austin,Centre College,Austin College,78-54,78,54,"32, 46, 78","34, 20, 54",32,46,78,34,20,54,"16-1, 10-0","1-18, 1-9",01/27/12,Win,95,No Location Recorded,6:00 PM,A,188,16:31,"GOOD LAYUP by BENHAM,CHELSEA(in the paint)",45 (+9),,36,,CENTRE_W 45-36 (+9),,"GOOD LAYUP by BENHAM,CHELSEA(in the paint)",2,layup,good,Centre,chelsea benham,2,991
189,17,austin,Centre College,Austin College,78-54,78,54,"32, 46, 78","34, 20, 54",32,46,78,34,20,54,"16-1, 10-0","1-18, 1-9",01/27/12,Win,95,No Location Recorded,6:00 PM,A,189,--,"ASSIST  by PREWITT,MAGGIE",,,,,,,"ASSIST  by PREWITT,MAGGIE",2,assist,,Centre,maggie prewitt,,
190,17,austin,Centre College,Austin College,78-54,78,54,"32, 46, 78","34, 20, 54",32,46,78,34,20,54,"16-1, 10-0","1-18, 1-9",01/27/12,Win,95,No Location Recorded,6:00 PM,A,190,16:24,,,,,TIMEOUT TEAM by TEAM,,,TIMEOUT TEAM by TEAM,2,timeout,,Centre,,,984
191,17,austin,Centre College,Austin College,78-54,78,54,"32, 46, 78","34, 20, 54",32,46,78,34,20,54,"16-1, 10-0","1-18, 1-9",01/27/12,Win,95,No Location Recorded,6:00 PM,A,191,16:10,"FOUL  by BENHAM,CHELSEA",,,,,,,"FOUL  by BENHAM,CHELSEA",2,foul,,Centre,chelsea benham,,970
192,17,austin,Centre College,Austin College,78-54,78,54,"32, 46, 78","34, 20, 54",32,46,78,34,20,54,"16-1, 10-0","1-18, 1-9",01/27/12,Win,95,No Location Recorded,6:00 PM,A,192,15:53,,,,,"MISS JUMPER by MARUSICH,KERSTI",,,"MISS JUMPER by MARUSICH,KERSTI",2,jumper,missed,austin college,kersti marusich,,953
193,17,austin,Centre College,Austin College,78-54,78,54,"32, 46, 78","34, 20, 54",32,46,78,34,20,54,"16-1, 10-0","1-18, 1-9",01/27/12,Win,95,No Location Recorded,6:00 PM,A,193,--,"REBOUND DEF by BAECHLE,PAIGE",,,,,,,"REBOUND DEF by BAECHLE,PAIGE",2,defensive rebound,,Centre,paige baechle,,
194,17,austin,Centre College,Austin College,78-54,78,54,"32, 46, 78","34, 20, 54",32,46,78,34,20,54,"16-1, 10-0","1-18, 1-9",01/27/12,Win,95,No Location Recorded,6:00 PM,A,194,15:45,"MISS JUMPER by BAECHLE,PAIGE",,,,,,,"MISS JUMPER by BAECHLE,PAIGE",2,jumper,missed,Centre,paige baechle,,945
195,17,austin,Centre College,Austin College,78-54,78,54,"32, 46, 78","34, 20, 54",32,46,78,34,20,54,"16-1, 10-0","1-18, 1-9",01/27/12,Win,95,No Location Recorded,6:00 PM,A,195,--,,,,,"REBOUND DEF by YOUNG,ANGELEENA",,,"REBOUND DEF by YOUNG,ANGELEENA",2,defensive rebound,,austin college,angeleena young,,
196,17,austin,Centre College,Austin College,78-54,78,54,"32, 46, 78","34, 20, 54",32,46,78,34,20,54,"16-1, 10-0","1-18, 1-9",01/27/12,Win,95,No Location Recorded,6:00 PM,A,196,15:23,,45 (+6),,39,"GOOD 3PTR by YOUNG,ANGELEENA",AC-W 45-39 (+6),,"GOOD 3PTR by YOUNG,ANGELEENA",2,three pointer,good,austin college,angeleena young,3,923
197,17,austin,Centre College,Austin College,78-54,78,54,"32, 46, 78","34, 20, 54",32,46,78,34,20,54,"16-1, 10-0","1-18, 1-9",01/27/12,Win,95,No Location Recorded,6:00 PM,A,197,--,,,,,"ASSIST  by KIME,CHRISTINA",,,"ASSIST  by KIME,CHRISTINA",2,assist,,austin college,christina kime,,
198,17,austin,Centre College,Austin College,78-54,78,54,"32, 46, 78","34, 20, 54",32,46,78,34,20,54,"16-1, 10-0","1-18, 1-9",01/27/12,Win,95,No Location Recorded,6:00 PM,A,198,15:14,"TURNOVER  by PREWITT,MAGGIE",,,,,,,"TURNOVER  by PREWITT,MAGGIE",2,turnover,,Centre,maggie prewitt,,914
199,17,austin,Centre College,Austin College,78-54,78,54,"32, 46, 78","34, 20, 54",32,46,78,34,20,54,"16-1, 10-0","1-18, 1-9",01/27/12,Win,95,No Location Recorded,6:00 PM,A,199,15:13,,,,,"STEAL  by TAYLOR,ALLISON",,,"STEAL  by TAYLOR,ALLISON",2,steal,,austin college,,,913
200,17,austin,Centre College,Austin College,78-54,78,54,"32, 46, 78","34, 20, 54",32,46,78,34,20,54,"16-1, 10-0","1-18, 1-9",01/27/12,Win,95,No Location Recorded,6:00 PM,A,200,15:06,"FOUL  by PREWITT,MAGGIE",,,,,,,"FOUL  by PREWITT,MAGGIE",2,foul,,Centre,maggie prewitt,,906
201,17,austin,Centre College,Austin College,78-54,78,54,"32, 46, 78","34, 20, 54",32,46,78,34,20,54,"16-1, 10-0","1-18, 1-9",01/27/12,Win,95,No Location Recorded,6:00 PM,A,201,14:48,,,,,"MISS LAYUP by MARUSICH,KERSTI",,,"MISS LAYUP by MARUSICH,KERSTI",2,layup,missed,austin college,kersti marusich,,888
202,17,austin,Centre College,Austin College,78-54,78,54,"32, 46, 78","34, 20, 54",32,46,78,34,20,54,"16-1, 10-0","1-18, 1-9",01/27/12,Win,95,No Location Recorded,6:00 PM,A,202,--,"REBOUND DEF by WINSTEAD,BRIDGET",,,,,,,"REBOUND DEF by WINSTEAD,BRIDGET",2,defensive rebound,,Centre,bridget winstead,,
203,17,austin,Centre College,Austin College,78-54,78,54,"32, 46, 78","34, 20, 54",32,46,78,34,20,54,"16-1, 10-0","1-18, 1-9",01/27/12,Win,95,No Location Recorded,6:00 PM,A,203,14:31,"MISS JUMPER by MIRE,JENNA",,,,,,,"MISS JUMPER by MIRE,JENNA",2,jumper,missed,Centre,jenna mire,,871
204,17,austin,Centre College,Austin College,78-54,78,54,"32, 46, 78","34, 20, 54",32,46,78,34,20,54,"16-1, 10-0","1-18, 1-9",01/27/12,Win,95,No Location Recorded,6:00 PM,A,204,--,"REBOUND OFF by BURKE,ALYSON",,,,,,,"REBOUND OFF by BURKE,ALYSON",2,offensive rebound,,Centre,alyson burke,,
205,17,austin,Centre College,Austin College,78-54,78,54,"32, 46, 78","34, 20, 54",32,46,78,34,20,54,"16-1, 10-0","1-18, 1-9",01/27/12,Win,95,No Location Recorded,6:00 PM,A,205,14:24,"GOOD LAYUP by BAECHLE,PAIGE(in the paint)",47 (+8),,39,,CENTRE_W 47-39 (+8),,"GOOD LAYUP by BAECHLE,PAIGE(in the paint)",2,layup,good,Centre,paige baechle,2,864
206,17,austin,Centre College,Austin College,78-54,78,54,"32, 46, 78","34, 20, 54",32,46,78,34,20,54,"16-1, 10-0","1-18, 1-9",01/27/12,Win,95,No Location Recorded,6:00 PM,A,206,14:09,,47 (+6),,41,"GOOD JUMPER by BEESON,LEXI",AC-W 47-41 (+6),,"GOOD JUMPER by BEESON,LEXI",2,jumper,good,austin college,lexi beeson,2,849
207,17,austin,Centre College,Austin College,78-54,78,54,"32, 46, 78","34, 20, 54",32,46,78,34,20,54,"16-1, 10-0","1-18, 1-9",01/27/12,Win,95,No Location Recorded,6:00 PM,A,207,--,,,,,"ASSIST  by KIME,CHRISTINA",,,"ASSIST  by KIME,CHRISTINA",2,assist,,austin college,christina kime,,
208,17,austin,Centre College,Austin College,78-54,78,54,"32, 46, 78","34, 20, 54",32,46,78,34,20,54,"16-1, 10-0","1-18, 1-9",01/27/12,Win,95,No Location Recorded,6:00 PM,A,208,13:36,,,,,"FOUL  by COLLYER,ALLIE",,,"FOUL  by COLLYER,ALLIE",2,foul,,austin college,allie collyer,,816
209,17,austin,Centre College,Austin College,78-54,78,54,"32, 46, 78","34, 20, 54",32,46,78,34,20,54,"16-1, 10-0","1-18, 1-9",01/27/12,Win,95,No Location Recorded,6:00 PM,A,209,13:36,"GOOD FT by BURKE,ALYSON",48 (+7),,41,,CENTRE_W 48-41 (+7),,"GOOD FT by BURKE,ALYSON",2,free throw,good,Centre,alyson burke,1,816
210,17,austin,Centre College,Austin College,78-54,78,54,"32, 46, 78","34, 20, 54",32,46,78,34,20,54,"16-1, 10-0","1-18, 1-9",01/27/12,Win,95,No Location Recorded,6:00 PM,A,210,13:36,"GOOD FT by BURKE,ALYSON",49 (+8),,41,,CENTRE_W 49-41 (+8),,"GOOD FT by BURKE,ALYSON",2,free throw,good,Centre,alyson burke,1,816
211,17,austin,Centre College,Austin College,78-54,78,54,"32, 46, 78","34, 20, 54",32,46,78,34,20,54,"16-1, 10-0","1-18, 1-9",01/27/12,Win,95,No Location Recorded,6:00 PM,A,211,13:09,,,,,"MISS LAYUP by KIME,CHRISTINA",,,"MISS LAYUP by KIME,CHRISTINA",2,layup,missed,austin college,christina kime,,789
212,17,austin,Centre College,Austin College,78-54,78,54,"32, 46, 78","34, 20, 54",32,46,78,34,20,54,"16-1, 10-0","1-18, 1-9",01/27/12,Win,95,No Location Recorded,6:00 PM,A,212,--,"REBOUND DEF by HUTER,LAUREN",,,,,,,"REBOUND DEF by HUTER,LAUREN",2,defensive rebound,,Centre,lauren huter,,
213,17,austin,Centre College,Austin College,78-54,78,54,"32, 46, 78","34, 20, 54",32,46,78,34,20,54,"16-1, 10-0","1-18, 1-9",01/27/12,Win,95,No Location Recorded,6:00 PM,A,213,12:48,"MISS 3PTR by WINSTEAD,BRIDGET",,,,,,,"MISS 3PTR by WINSTEAD,BRIDGET",2,three pointer,missed,Centre,bridget winstead,,768
214,17,austin,Centre College,Austin College,78-54,78,54,"32, 46, 78","34, 20, 54",32,46,78,34,20,54,"16-1, 10-0","1-18, 1-9",01/27/12,Win,95,No Location Recorded,6:00 PM,A,214,--,,,,,"REBOUND DEF by COLLYER,ALLIE",,,"REBOUND DEF by COLLYER,ALLIE",2,defensive rebound,,austin college,allie collyer,,
215,17,austin,Centre College,Austin College,78-54,78,54,"32, 46, 78","34, 20, 54",32,46,78,34,20,54,"16-1, 10-0","1-18, 1-9",01/27/12,Win,95,No Location Recorded,6:00 PM,A,215,12:43,"FOUL  by BAECHLE,PAIGE",,,,,,,"FOUL  by BAECHLE,PAIGE",2,foul,,Centre,paige baechle,,763
216,17,austin,Centre College,Austin College,78-54,78,54,"32, 46, 78","34, 20, 54",32,46,78,34,20,54,"16-1, 10-0","1-18, 1-9",01/27/12,Win,95,No Location Recorded,6:00 PM,A,216,12:27,,,,,"MISS LAYUP by COLLYER,ALLIE",,,"MISS LAYUP by COLLYER,ALLIE",2,layup,missed,austin college,allie collyer,,747
217,17,austin,Centre College,Austin College,78-54,78,54,"32, 46, 78","34, 20, 54",32,46,78,34,20,54,"16-1, 10-0","1-18, 1-9",01/27/12,Win,95,No Location Recorded,6:00 PM,A,217,12:27,"BLOCK  by HUTER,LAUREN",,,,,,,"BLOCK  by HUTER,LAUREN",2,block,,Centre,lauren huter,,747
218,17,austin,Centre College,Austin College,78-54,78,54,"32, 46, 78","34, 20, 54",32,46,78,34,20,54,"16-1, 10-0","1-18, 1-9",01/27/12,Win,95,No Location Recorded,6:00 PM,A,218,--,"REBOUND DEF by HUTER,LAUREN",,,,,,,"REBOUND DEF by HUTER,LAUREN",2,defensive rebound,,Centre,lauren huter,,
219,17,austin,Centre College,Austin College,78-54,78,54,"32, 46, 78","34, 20, 54",32,46,78,34,20,54,"16-1, 10-0","1-18, 1-9",01/27/12,Win,95,No Location Recorded,6:00 PM,A,219,12:19,"GOOD 3PTR by BURKE,ALYSON",52 (+11),,41,,CENTRE_W 52-41 (+11),,"GOOD 3PTR by BURKE,ALYSON",2,three pointer,good,Centre,alyson burke,3,739
220,17,austin,Centre College,Austin College,78-54,78,54,"32, 46, 78","34, 20, 54",32,46,78,34,20,54,"16-1, 10-0","1-18, 1-9",01/27/12,Win,95,No Location Recorded,6:00 PM,A,220,--,"ASSIST  by MIRE,JENNA",,,,,,,"ASSIST  by MIRE,JENNA",2,assist,,Centre,jenna mire,,
221,17,austin,Centre College,Austin College,78-54,78,54,"32, 46, 78","34, 20, 54",32,46,78,34,20,54,"16-1, 10-0","1-18, 1-9",01/27/12,Win,95,No Location Recorded,6:00 PM,A,221,11:57,"FOUL  by HUTER,LAUREN",,,,,,,"FOUL  by HUTER,LAUREN",2,foul,,Centre,lauren huter,,717
222,17,austin,Centre College,Austin College,78-54,78,54,"32, 46, 78","34, 20, 54",32,46,78,34,20,54,"16-1, 10-0","1-18, 1-9",01/27/12,Win,95,No Location Recorded,6:00 PM,A,222,11:55,,,,,"MISS JUMPER by BEESON,LEXI",,,"MISS JUMPER by BEESON,LEXI",2,jumper,missed,austin college,lexi beeson,,715
223,17,austin,Centre College,Austin College,78-54,78,54,"32, 46, 78","34, 20, 54",32,46,78,34,20,54,"16-1, 10-0","1-18, 1-9",01/27/12,Win,95,No Location Recorded,6:00 PM,A,223,--,,,,,"REBOUND OFF by BEESON,LEXI",,,"REBOUND OFF by BEESON,LEXI",2,offensive rebound,,austin college,lexi beeson,,
224,17,austin,Centre College,Austin College,78-54,78,54,"32, 46, 78","34, 20, 54",32,46,78,34,20,54,"16-1, 10-0","1-18, 1-9",01/27/12,Win,95,No Location Recorded,6:00 PM,A,224,11:52,,,,,"MISS LAYUP by BEESON,LEXI",,,"MISS LAYUP by BEESON,LEXI",2,layup,missed,austin college,lexi beeson,,712
225,17,austin,Centre College,Austin College,78-54,78,54,"32, 46, 78","34, 20, 54",32,46,78,34,20,54,"16-1, 10-0","1-18, 1-9",01/27/12,Win,95,No Location Recorded,6:00 PM,A,225,--,"REBOUND DEF by HUTER,LAUREN",,,,,,,"REBOUND DEF by HUTER,LAUREN",2,defensive rebound,,Centre,lauren huter,,
226,17,austin,Centre College,Austin College,78-54,78,54,"32, 46, 78","34, 20, 54",32,46,78,34,20,54,"16-1, 10-0","1-18, 1-9",01/27/12,Win,95,No Location Recorded,6:00 PM,A,226,11:41,"MISS JUMPER by BENHAM,CHELSEA",,,,,,,"MISS JUMPER by BENHAM,CHELSEA",2,jumper,missed,Centre,chelsea benham,,701
227,17,austin,Centre College,Austin College,78-54,78,54,"32, 46, 78","34, 20, 54",32,46,78,34,20,54,"16-1, 10-0","1-18, 1-9",01/27/12,Win,95,No Location Recorded,6:00 PM,A,227,--,,,,,"REBOUND DEF by COLLYER,ALLIE",,,"REBOUND DEF by COLLYER,ALLIE",2,defensive rebound,,austin college,allie collyer,,
228,17,austin,Centre College,Austin College,78-54,78,54,"32, 46, 78","34, 20, 54",32,46,78,34,20,54,"16-1, 10-0","1-18, 1-9",01/27/12,Win,95,No Location Recorded,6:00 PM,A,228,11:32,,,,,"MISS JUMPER by BEESON,LEXI",,,"MISS JUMPER by BEESON,LEXI",2,jumper,missed,austin college,lexi beeson,,692
229,17,austin,Centre College,Austin College,78-54,78,54,"32, 46, 78","34, 20, 54",32,46,78,34,20,54,"16-1, 10-0","1-18, 1-9",01/27/12,Win,95,No Location Recorded,6:00 PM,A,229,--,,,,,"REBOUND OFF by KIME,CHRISTINA",,,"REBOUND OFF by KIME,CHRISTINA",2,offensive rebound,,austin college,christina kime,,
230,17,austin,Centre College,Austin College,78-54,78,54,"32, 46, 78","34, 20, 54",32,46,78,34,20,54,"16-1, 10-0","1-18, 1-9",01/27/12,Win,95,No Location Recorded,6:00 PM,A,230,11:28,TIMEOUT 30SEC by TEAM,,,,,,,TIMEOUT 30SEC by TEAM,2,timeout,,Centre,,,688
231,17,austin,Centre College,Austin College,78-54,78,54,"32, 46, 78","34, 20, 54",32,46,78,34,20,54,"16-1, 10-0","1-18, 1-9",01/27/12,Win,95,No Location Recorded,6:00 PM,A,231,11:10,,,,,"MISS JUMPER by KIME,CHRISTINA",,,"MISS JUMPER by KIME,CHRISTINA",2,jumper,missed,austin college,christina kime,,670
232,17,austin,Centre College,Austin College,78-54,78,54,"32, 46, 78","34, 20, 54",32,46,78,34,20,54,"16-1, 10-0","1-18, 1-9",01/27/12,Win,95,No Location Recorded,6:00 PM,A,232,--,"REBOUND DEF by BENHAM,CHELSEA",,,,,,,"REBOUND DEF by BENHAM,CHELSEA",2,defensive rebound,,Centre,chelsea benham,,
233,17,austin,Centre College,Austin College,78-54,78,54,"32, 46, 78","34, 20, 54",32,46,78,34,20,54,"16-1, 10-0","1-18, 1-9",01/27/12,Win,95,No Location Recorded,6:00 PM,A,233,11:01,"MISS 3PTR by HARTLAGE,MAGGIE",,,,,,,"MISS 3PTR by HARTLAGE,MAGGIE",2,three pointer,missed,Centre,maggie hartlage,,661
234,17,austin,Centre College,Austin College,78-54,78,54,"32, 46, 78","34, 20, 54",32,46,78,34,20,54,"16-1, 10-0","1-18, 1-9",01/27/12,Win,95,No Location Recorded,6:00 PM,A,234,--,"REBOUND OFF by BENHAM,CHELSEA",,,,,,,"REBOUND OFF by BENHAM,CHELSEA",2,offensive rebound,,Centre,chelsea benham,,
235,17,austin,Centre College,Austin College,78-54,78,54,"32, 46, 78","34, 20, 54",32,46,78,34,20,54,"16-1, 10-0","1-18, 1-9",01/27/12,Win,95,No Location Recorded,6:00 PM,A,235,10:57,"GOOD LAYUP by BENHAM,CHELSEA(in the paint)",54 (+13),,41,,CENTRE_W 54-41 (+13),,"GOOD LAYUP by BENHAM,CHELSEA(in the paint)",2,layup,good,Centre,chelsea benham,2,657
236,17,austin,Centre College,Austin College,78-54,78,54,"32, 46, 78","34, 20, 54",32,46,78,34,20,54,"16-1, 10-0","1-18, 1-9",01/27/12,Win,95,No Location Recorded,6:00 PM,A,236,10:33,,54 (+10),,44,"GOOD 3PTR by YOUNG,ANGELEENA",AC-W 54-44 (+10),,"GOOD 3PTR by YOUNG,ANGELEENA",2,three pointer,good,austin college,angeleena young,3,633
237,17,austin,Centre College,Austin College,78-54,78,54,"32, 46, 78","34, 20, 54",32,46,78,34,20,54,"16-1, 10-0","1-18, 1-9",01/27/12,Win,95,No Location Recorded,6:00 PM,A,237,10:17,"GOOD 3PTR by WINSTEAD,BRIDGET",57 (+13),,44,,CENTRE_W 57-44 (+13),,"GOOD 3PTR by WINSTEAD,BRIDGET",2,three pointer,good,Centre,bridget winstead,3,617
238,17,austin,Centre College,Austin College,78-54,78,54,"32, 46, 78","34, 20, 54",32,46,78,34,20,54,"16-1, 10-0","1-18, 1-9",01/27/12,Win,95,No Location Recorded,6:00 PM,A,238,--,"ASSIST  by PREWITT,MAGGIE",,,,,,,"ASSIST  by PREWITT,MAGGIE",2,assist,,Centre,maggie prewitt,,
239,17,austin,Centre College,Austin College,78-54,78,54,"32, 46, 78","34, 20, 54",32,46,78,34,20,54,"16-1, 10-0","1-18, 1-9",01/27/12,Win,95,No Location Recorded,6:00 PM,A,239,10:02,,57 (+10),,47,"GOOD 3PTR by YOUNG,ANGELEENA",AC-W 57-47 (+10),,"GOOD 3PTR by YOUNG,ANGELEENA",2,three pointer,good,austin college,angeleena young,3,602
240,17,austin,Centre College,Austin College,78-54,78,54,"32, 46, 78","34, 20, 54",32,46,78,34,20,54,"16-1, 10-0","1-18, 1-9",01/27/12,Win,95,No Location Recorded,6:00 PM,A,240,--,,,,,"ASSIST  by KIME,CHRISTINA",,,"ASSIST  by KIME,CHRISTINA",2,assist,,austin college,christina kime,,
241,17,austin,Centre College,Austin College,78-54,78,54,"32, 46, 78","34, 20, 54",32,46,78,34,20,54,"16-1, 10-0","1-18, 1-9",01/27/12,Win,95,No Location Recorded,6:00 PM,A,241,09:42,,,,,"FOUL  by LONGO,JENNA",,,"FOUL  by LONGO,JENNA",2,foul,,austin college,jenna longo,,582
242,17,austin,Centre College,Austin College,78-54,78,54,"32, 46, 78","34, 20, 54",32,46,78,34,20,54,"16-1, 10-0","1-18, 1-9",01/27/12,Win,95,No Location Recorded,6:00 PM,A,242,09:39,"GOOD JUMPER by BENHAM,CHELSEA(in the paint)",59 (+12),,47,,CENTRE_W 59-47 (+12),,"GOOD JUMPER by BENHAM,CHELSEA(in the paint)",2,jumper,good,Centre,chelsea benham,2,579
243,17,austin,Centre College,Austin College,78-54,78,54,"32, 46, 78","34, 20, 54",32,46,78,34,20,54,"16-1, 10-0","1-18, 1-9",01/27/12,Win,95,No Location Recorded,6:00 PM,A,243,09:08,,,,,"MISS JUMPER by KIME,CHRISTINA",,,"MISS JUMPER by KIME,CHRISTINA",2,jumper,missed,austin college,christina kime,,548
244,17,austin,Centre College,Austin College,78-54,78,54,"32, 46, 78","34, 20, 54",32,46,78,34,20,54,"16-1, 10-0","1-18, 1-9",01/27/12,Win,95,No Location Recorded,6:00 PM,A,244,--,"REBOUND DEF by HUTER,LAUREN",,,,,,,"REBOUND DEF by HUTER,LAUREN",2,defensive rebound,,Centre,lauren huter,,
245,17,austin,Centre College,Austin College,78-54,78,54,"32, 46, 78","34, 20, 54",32,46,78,34,20,54,"16-1, 10-0","1-18, 1-9",01/27/12,Win,95,No Location Recorded,6:00 PM,A,245,08:58,"TURNOVER  by PREWITT,MAGGIE",,,,,,,"TURNOVER  by PREWITT,MAGGIE",2,turnover,,Centre,maggie prewitt,,538
246,17,austin,Centre College,Austin College,78-54,78,54,"32, 46, 78","34, 20, 54",32,46,78,34,20,54,"16-1, 10-0","1-18, 1-9",01/27/12,Win,95,No Location Recorded,6:00 PM,A,246,08:47,,,,,"TURNOVER  by KIME,CHRISTINA",,,"TURNOVER  by KIME,CHRISTINA",2,turnover,,austin college,christina kime,,527
247,17,austin,Centre College,Austin College,78-54,78,54,"32, 46, 78","34, 20, 54",32,46,78,34,20,54,"16-1, 10-0","1-18, 1-9",01/27/12,Win,95,No Location Recorded,6:00 PM,A,247,08:19,"MISS LAYUP by WEST,CAILYNN",,,,,,,"MISS LAYUP by WEST,CAILYNN",2,layup,missed,Centre,cailynn west,,499
248,17,austin,Centre College,Austin College,78-54,78,54,"32, 46, 78","34, 20, 54",32,46,78,34,20,54,"16-1, 10-0","1-18, 1-9",01/27/12,Win,95,No Location Recorded,6:00 PM,A,248,--,,,,,"REBOUND DEF by TAYLOR,ALLISON",,,"REBOUND DEF by TAYLOR,ALLISON",2,defensive rebound,,austin college,allison taylor,,
249,17,austin,Centre College,Austin College,78-54,78,54,"32, 46, 78","34, 20, 54",32,46,78,34,20,54,"16-1, 10-0","1-18, 1-9",01/27/12,Win,95,No Location Recorded,6:00 PM,A,249,07:54,,,,,"TURNOVER  by KINCAID,NIKKI",,,"TURNOVER  by KINCAID,NIKKI",2,turnover,,austin college,nikki kincaid,,474
250,17,austin,Centre College,Austin College,78-54,78,54,"32, 46, 78","34, 20, 54",32,46,78,34,20,54,"16-1, 10-0","1-18, 1-9",01/27/12,Win,95,No Location Recorded,6:00 PM,A,250,07:54,,,,,TIMEOUT 30SEC by TEAM,,,TIMEOUT 30SEC by TEAM,2,timeout,,Centre,,,474
251,17,austin,Centre College,Austin College,78-54,78,54,"32, 46, 78","34, 20, 54",32,46,78,34,20,54,"16-1, 10-0","1-18, 1-9",01/27/12,Win,95,No Location Recorded,6:00 PM,A,251,07:36,"GOOD LAYUP by WEST,CAILYNN(in the paint)",61 (+14),,47,,CENTRE_W 61-47 (+14),,"GOOD LAYUP by WEST,CAILYNN(in the paint)",2,layup,good,Centre,cailynn west,2,456
252,17,austin,Centre College,Austin College,78-54,78,54,"32, 46, 78","34, 20, 54",32,46,78,34,20,54,"16-1, 10-0","1-18, 1-9",01/27/12,Win,95,No Location Recorded,6:00 PM,A,252,--,"ASSIST  by PREWITT,MAGGIE",,,,,,,"ASSIST  by PREWITT,MAGGIE",2,assist,,Centre,maggie prewitt,,
253,17,austin,Centre College,Austin College,78-54,78,54,"32, 46, 78","34, 20, 54",32,46,78,34,20,54,"16-1, 10-0","1-18, 1-9",01/27/12,Win,95,No Location Recorded,6:00 PM,A,253,07:04,"FOUL  by HARTLAGE,MAGGIE",,,,,,,"FOUL  by HARTLAGE,MAGGIE",2,foul,,Centre,maggie hartlage,,424
254,17,austin,Centre College,Austin College,78-54,78,54,"32, 46, 78","34, 20, 54",32,46,78,34,20,54,"16-1, 10-0","1-18, 1-9",01/27/12,Win,95,No Location Recorded,6:00 PM,A,254,07:04,,61 (+13),,48,"GOOD FT by MARUSICH,KERSTI",AC-W 61-48 (+13),,"GOOD FT by MARUSICH,KERSTI",2,free throw,good,austin college,kersti marusich,1,424
255,17,austin,Centre College,Austin College,78-54,78,54,"32, 46, 78","34, 20, 54",32,46,78,34,20,54,"16-1, 10-0","1-18, 1-9",01/27/12,Win,95,No Location Recorded,6:00 PM,A,255,07:04,,61 (+12),,49,"GOOD FT by MARUSICH,KERSTI",AC-W 61-49 (+12),,"GOOD FT by MARUSICH,KERSTI",2,free throw,good,austin college,kersti marusich,1,424
256,17,austin,Centre College,Austin College,78-54,78,54,"32, 46, 78","34, 20, 54",32,46,78,34,20,54,"16-1, 10-0","1-18, 1-9",01/27/12,Win,95,No Location Recorded,6:00 PM,A,256,06:52,"GOOD JUMPER by PREWITT,MAGGIE(in the paint)",63 (+14),,49,,CENTRE_W 63-49 (+14),,"GOOD JUMPER by PREWITT,MAGGIE(in the paint)",2,jumper,good,Centre,maggie prewitt,2,412
257,17,austin,Centre College,Austin College,78-54,78,54,"32, 46, 78","34, 20, 54",32,46,78,34,20,54,"16-1, 10-0","1-18, 1-9",01/27/12,Win,95,No Location Recorded,6:00 PM,A,257,06:42,,63 (+11),,52,"GOOD 3PTR by MARUSICH,KERSTI",AC-W 63-52 (+11),,"GOOD 3PTR by MARUSICH,KERSTI",2,three pointer,good,austin college,kersti marusich,3,402
258,17,austin,Centre College,Austin College,78-54,78,54,"32, 46, 78","34, 20, 54",32,46,78,34,20,54,"16-1, 10-0","1-18, 1-9",01/27/12,Win,95,No Location Recorded,6:00 PM,A,258,--,,,,,"ASSIST  by KIME,CHRISTINA",,,"ASSIST  by KIME,CHRISTINA",2,assist,,austin college,christina kime,,
259,17,austin,Centre College,Austin College,78-54,78,54,"32, 46, 78","34, 20, 54",32,46,78,34,20,54,"16-1, 10-0","1-18, 1-9",01/27/12,Win,95,No Location Recorded,6:00 PM,A,259,06:26,"GOOD JUMPER by PREWITT,MAGGIE(in the paint)",65 (+13),,52,,CENTRE_W 65-52 (+13),,"GOOD JUMPER by PREWITT,MAGGIE(in the paint)",2,jumper,good,Centre,maggie prewitt,2,386
260,17,austin,Centre College,Austin College,78-54,78,54,"32, 46, 78","34, 20, 54",32,46,78,34,20,54,"16-1, 10-0","1-18, 1-9",01/27/12,Win,95,No Location Recorded,6:00 PM,A,260,06:05,"FOUL  by WEST,CAILYNN",,,,,,,"FOUL  by WEST,CAILYNN",2,foul,,Centre,cailynn west,,365
261,17,austin,Centre College,Austin College,78-54,78,54,"32, 46, 78","34, 20, 54",32,46,78,34,20,54,"16-1, 10-0","1-18, 1-9",01/27/12,Win,95,No Location Recorded,6:00 PM,A,261,05:42,,,,,"MISS 3PTR by BEESON,LEXI",,,"MISS 3PTR by BEESON,LEXI",2,three pointer,missed,austin college,lexi beeson,,342
262,17,austin,Centre College,Austin College,78-54,78,54,"32, 46, 78","34, 20, 54",32,46,78,34,20,54,"16-1, 10-0","1-18, 1-9",01/27/12,Win,95,No Location Recorded,6:00 PM,A,262,--,"REBOUND DEF by PREWITT,MAGGIE",,,,,,,"REBOUND DEF by PREWITT,MAGGIE",2,defensive rebound,,Centre,maggie prewitt,,
263,17,austin,Centre College,Austin College,78-54,78,54,"32, 46, 78","34, 20, 54",32,46,78,34,20,54,"16-1, 10-0","1-18, 1-9",01/27/12,Win,95,No Location Recorded,6:00 PM,A,263,05:34,"GOOD JUMPER by PREWITT,MAGGIE",67 (+15),,52,,CENTRE_W 67-52 (+15),,"GOOD JUMPER by PREWITT,MAGGIE",2,jumper,good,Centre,maggie prewitt,2,334
264,17,austin,Centre College,Austin College,78-54,78,54,"32, 46, 78","34, 20, 54",32,46,78,34,20,54,"16-1, 10-0","1-18, 1-9",01/27/12,Win,95,No Location Recorded,6:00 PM,A,264,05:14,,,,,"MISS JUMPER by KIME,CHRISTINA",,,"MISS JUMPER by KIME,CHRISTINA",2,jumper,missed,austin college,christina kime,,314
265,17,austin,Centre College,Austin College,78-54,78,54,"32, 46, 78","34, 20, 54",32,46,78,34,20,54,"16-1, 10-0","1-18, 1-9",01/27/12,Win,95,No Location Recorded,6:00 PM,A,265,--,"REBOUND DEF by HUTER,LAUREN",,,,,,,"REBOUND DEF by HUTER,LAUREN",2,defensive rebound,,Centre,lauren huter,,
266,17,austin,Centre College,Austin College,78-54,78,54,"32, 46, 78","34, 20, 54",32,46,78,34,20,54,"16-1, 10-0","1-18, 1-9",01/27/12,Win,95,No Location Recorded,6:00 PM,A,266,05:05,"GOOD LAYUP by BENHAM,CHELSEA(in the paint)",69 (+17),,52,,CENTRE_W 69-52 (+17),,"GOOD LAYUP by BENHAM,CHELSEA(in the paint)",2,layup,good,Centre,chelsea benham,2,305
267,17,austin,Centre College,Austin College,78-54,78,54,"32, 46, 78","34, 20, 54",32,46,78,34,20,54,"16-1, 10-0","1-18, 1-9",01/27/12,Win,95,No Location Recorded,6:00 PM,A,267,--,"ASSIST  by PREWITT,MAGGIE",,,,,,,"ASSIST  by PREWITT,MAGGIE",2,assist,,Centre,maggie prewitt,,
268,17,austin,Centre College,Austin College,78-54,78,54,"32, 46, 78","34, 20, 54",32,46,78,34,20,54,"16-1, 10-0","1-18, 1-9",01/27/12,Win,95,No Location Recorded,6:00 PM,A,268,04:47,,,,,"MISS 3PTR by BEESON,LEXI",,,"MISS 3PTR by BEESON,LEXI",2,three pointer,missed,austin college,lexi beeson,,287
269,17,austin,Centre College,Austin College,78-54,78,54,"32, 46, 78","34, 20, 54",32,46,78,34,20,54,"16-1, 10-0","1-18, 1-9",01/27/12,Win,95,No Location Recorded,6:00 PM,A,269,--,"REBOUND DEF by HUTER,LAUREN",,,,,,,"REBOUND DEF by HUTER,LAUREN",2,defensive rebound,,Centre,lauren huter,,
270,17,austin,Centre College,Austin College,78-54,78,54,"32, 46, 78","34, 20, 54",32,46,78,34,20,54,"16-1, 10-0","1-18, 1-9",01/27/12,Win,95,No Location Recorded,6:00 PM,A,270,04:37,"MISS JUMPER by HUTER,LAUREN",,,,,,,"MISS JUMPER by HUTER,LAUREN",2,jumper,missed,Centre,lauren huter,,277
271,17,austin,Centre College,Austin College,78-54,78,54,"32, 46, 78","34, 20, 54",32,46,78,34,20,54,"16-1, 10-0","1-18, 1-9",01/27/12,Win,95,No Location Recorded,6:00 PM,A,271,--,"REBOUND OFF by HUTER,LAUREN",,,,,,,"REBOUND OFF by HUTER,LAUREN",2,offensive rebound,,Centre,lauren huter,,
272,17,austin,Centre College,Austin College,78-54,78,54,"32, 46, 78","34, 20, 54",32,46,78,34,20,54,"16-1, 10-0","1-18, 1-9",01/27/12,Win,95,No Location Recorded,6:00 PM,A,272,04:33,"TURNOVER  by HUTER,LAUREN",,,,,,,"TURNOVER  by HUTER,LAUREN",2,turnover,,Centre,lauren huter,,273
273,17,austin,Centre College,Austin College,78-54,78,54,"32, 46, 78","34, 20, 54",32,46,78,34,20,54,"16-1, 10-0","1-18, 1-9",01/27/12,Win,95,No Location Recorded,6:00 PM,A,273,04:18,"FOUL  by BENHAM,CHELSEA",,,,,,,"FOUL  by BENHAM,CHELSEA",2,foul,,Centre,chelsea benham,,258
274,17,austin,Centre College,Austin College,78-54,78,54,"32, 46, 78","34, 20, 54",32,46,78,34,20,54,"16-1, 10-0","1-18, 1-9",01/27/12,Win,95,No Location Recorded,6:00 PM,A,274,04:18,,,,,"MISS FT by YOUNG,ANGELEENA",,,"MISS FT by YOUNG,ANGELEENA",2,free throw,missed,austin college,angeleena young,,258
275,17,austin,Centre College,Austin College,78-54,78,54,"32, 46, 78","34, 20, 54",32,46,78,34,20,54,"16-1, 10-0","1-18, 1-9",01/27/12,Win,95,No Location Recorded,6:00 PM,A,275,--,,,,,REBOUND DEADB by TEAM,,,REBOUND DEADB by TEAM,2,deadball rebound,,Centre,,,
276,17,austin,Centre College,Austin College,78-54,78,54,"32, 46, 78","34, 20, 54",32,46,78,34,20,54,"16-1, 10-0","1-18, 1-9",01/27/12,Win,95,No Location Recorded,6:00 PM,A,276,04:18,,,,,"MISS FT by YOUNG,ANGELEENA",,,"MISS FT by YOUNG,ANGELEENA",2,free throw,missed,austin college,angeleena young,,258
277,17,austin,Centre College,Austin College,78-54,78,54,"32, 46, 78","34, 20, 54",32,46,78,34,20,54,"16-1, 10-0","1-18, 1-9",01/27/12,Win,95,No Location Recorded,6:00 PM,A,277,--,"REBOUND DEF by BENHAM,CHELSEA",,,,,,,"REBOUND DEF by BENHAM,CHELSEA",2,defensive rebound,,Centre,chelsea benham,,
278,17,austin,Centre College,Austin College,78-54,78,54,"32, 46, 78","34, 20, 54",32,46,78,34,20,54,"16-1, 10-0","1-18, 1-9",01/27/12,Win,95,No Location Recorded,6:00 PM,A,278,04:15,"TURNOVER  by BENHAM,CHELSEA",,,,,,,"TURNOVER  by BENHAM,CHELSEA",2,turnover,,Centre,chelsea benham,,255
279,17,austin,Centre College,Austin College,78-54,78,54,"32, 46, 78","34, 20, 54",32,46,78,34,20,54,"16-1, 10-0","1-18, 1-9",01/27/12,Win,95,No Location Recorded,6:00 PM,A,279,03:56,,,,,"MISS JUMPER by MARUSICH,KERSTI",,,"MISS JUMPER by MARUSICH,KERSTI",2,jumper,missed,austin college,kersti marusich,,236
280,17,austin,Centre College,Austin College,78-54,78,54,"32, 46, 78","34, 20, 54",32,46,78,34,20,54,"16-1, 10-0","1-18, 1-9",01/27/12,Win,95,No Location Recorded,6:00 PM,A,280,--,"REBOUND DEF by BENHAM,CHELSEA",,,,,,,"REBOUND DEF by BENHAM,CHELSEA",2,defensive rebound,,Centre,chelsea benham,,
281,17,austin,Centre College,Austin College,78-54,78,54,"32, 46, 78","34, 20, 54",32,46,78,34,20,54,"16-1, 10-0","1-18, 1-9",01/27/12,Win,95,No Location Recorded,6:00 PM,A,281,03:47,"GOOD LAYUP by PREWITT,MAGGIE(in the paint)",71 (+19),,52,,CENTRE_W 71-52 (+19),,"GOOD LAYUP by PREWITT,MAGGIE(in the paint)",2,layup,good,Centre,maggie prewitt,2,227
282,17,austin,Centre College,Austin College,78-54,78,54,"32, 46, 78","34, 20, 54",32,46,78,34,20,54,"16-1, 10-0","1-18, 1-9",01/27/12,Win,95,No Location Recorded,6:00 PM,A,282,03:41,,,,,"MISS 3PTR by MARUSICH,KERSTI",,,"MISS 3PTR by MARUSICH,KERSTI",2,three pointer,missed,austin college,kersti marusich,,221
283,17,austin,Centre College,Austin College,78-54,78,54,"32, 46, 78","34, 20, 54",32,46,78,34,20,54,"16-1, 10-0","1-18, 1-9",01/27/12,Win,95,No Location Recorded,6:00 PM,A,283,--,,,,,"REBOUND OFF by TAYLOR,ALLISON",,,"REBOUND OFF by TAYLOR,ALLISON",2,offensive rebound,,austin college,allison taylor,,
284,17,austin,Centre College,Austin College,78-54,78,54,"32, 46, 78","34, 20, 54",32,46,78,34,20,54,"16-1, 10-0","1-18, 1-9",01/27/12,Win,95,No Location Recorded,6:00 PM,A,284,03:35,,,,,"MISS JUMPER by KIME,CHRISTINA",,,"MISS JUMPER by KIME,CHRISTINA",2,jumper,missed,austin college,christina kime,,215
285,17,austin,Centre College,Austin College,78-54,78,54,"32, 46, 78","34, 20, 54",32,46,78,34,20,54,"16-1, 10-0","1-18, 1-9",01/27/12,Win,95,No Location Recorded,6:00 PM,A,285,--,"REBOUND DEF by BENHAM,CHELSEA",,,,,,,"REBOUND DEF by BENHAM,CHELSEA",2,defensive rebound,,Centre,chelsea benham,,
286,17,austin,Centre College,Austin College,78-54,78,54,"32, 46, 78","34, 20, 54",32,46,78,34,20,54,"16-1, 10-0","1-18, 1-9",01/27/12,Win,95,No Location Recorded,6:00 PM,A,286,03:18,"MISS LAYUP by HUTER,LAUREN",,,,,,,"MISS LAYUP by HUTER,LAUREN",2,layup,missed,Centre,lauren huter,,198
287,17,austin,Centre College,Austin College,78-54,78,54,"32, 46, 78","34, 20, 54",32,46,78,34,20,54,"16-1, 10-0","1-18, 1-9",01/27/12,Win,95,No Location Recorded,6:00 PM,A,287,--,,,,,"REBOUND DEF by YOUNG,ANGELEENA",,,"REBOUND DEF by YOUNG,ANGELEENA",2,defensive rebound,,austin college,angeleena young,,
288,17,austin,Centre College,Austin College,78-54,78,54,"32, 46, 78","34, 20, 54",32,46,78,34,20,54,"16-1, 10-0","1-18, 1-9",01/27/12,Win,95,No Location Recorded,6:00 PM,A,288,03:01,,,,,"MISS LAYUP by BEESON,LEXI",,,"MISS LAYUP by BEESON,LEXI",2,layup,missed,austin college,lexi beeson,,181
289,17,austin,Centre College,Austin College,78-54,78,54,"32, 46, 78","34, 20, 54",32,46,78,34,20,54,"16-1, 10-0","1-18, 1-9",01/27/12,Win,95,No Location Recorded,6:00 PM,A,289,03:01,"BLOCK  by BENHAM,CHELSEA",,,,,,,"BLOCK  by BENHAM,CHELSEA",2,block,,Centre,chelsea benham,,181
290,17,austin,Centre College,Austin College,78-54,78,54,"32, 46, 78","34, 20, 54",32,46,78,34,20,54,"16-1, 10-0","1-18, 1-9",01/27/12,Win,95,No Location Recorded,6:00 PM,A,290,--,,,,,REBOUND OFF by TEAM,,,REBOUND OFF by TEAM,2,offensive rebound,,Centre,,,
291,17,austin,Centre College,Austin College,78-54,78,54,"32, 46, 78","34, 20, 54",32,46,78,34,20,54,"16-1, 10-0","1-18, 1-9",01/27/12,Win,95,No Location Recorded,6:00 PM,A,291,02:54,,,,,"MISS JUMPER by MARUSICH,KERSTI",,,"MISS JUMPER by MARUSICH,KERSTI",2,jumper,missed,austin college,kersti marusich,,174
292,17,austin,Centre College,Austin College,78-54,78,54,"32, 46, 78","34, 20, 54",32,46,78,34,20,54,"16-1, 10-0","1-18, 1-9",01/27/12,Win,95,No Location Recorded,6:00 PM,A,292,--,,,,,"REBOUND OFF by TAYLOR,ALLISON",,,"REBOUND OFF by TAYLOR,ALLISON",2,offensive rebound,,austin college,allison taylor,,
293,17,austin,Centre College,Austin College,78-54,78,54,"32, 46, 78","34, 20, 54",32,46,78,34,20,54,"16-1, 10-0","1-18, 1-9",01/27/12,Win,95,No Location Recorded,6:00 PM,A,293,02:50,"FOUL  by WEST,CAILYNN",,,,,,,"FOUL  by WEST,CAILYNN",2,foul,,Centre,cailynn west,,170
294,17,austin,Centre College,Austin College,78-54,78,54,"32, 46, 78","34, 20, 54",32,46,78,34,20,54,"16-1, 10-0","1-18, 1-9",01/27/12,Win,95,No Location Recorded,6:00 PM,A,294,02:50,,71 (+18),,53,"GOOD FT by TAYLOR,ALLISON",AC-W 71-53 (+18),,"GOOD FT by TAYLOR,ALLISON",2,free throw,good,austin college,allison taylor,1,170
295,17,austin,Centre College,Austin College,78-54,78,54,"32, 46, 78","34, 20, 54",32,46,78,34,20,54,"16-1, 10-0","1-18, 1-9",01/27/12,Win,95,No Location Recorded,6:00 PM,A,295,02:50,,71 (+17),,54,"GOOD FT by TAYLOR,ALLISON",AC-W 71-54 (+17),,"GOOD FT by TAYLOR,ALLISON",2,free throw,good,austin college,allison taylor,1,170
296,17,austin,Centre College,Austin College,78-54,78,54,"32, 46, 78","34, 20, 54",32,46,78,34,20,54,"16-1, 10-0","1-18, 1-9",01/27/12,Win,95,No Location Recorded,6:00 PM,A,296,02:28,"MISS LAYUP by PREWITT,MAGGIE",,,,,,,"MISS LAYUP by PREWITT,MAGGIE",2,layup,missed,Centre,maggie prewitt,,148
297,17,austin,Centre College,Austin College,78-54,78,54,"32, 46, 78","34, 20, 54",32,46,78,34,20,54,"16-1, 10-0","1-18, 1-9",01/27/12,Win,95,No Location Recorded,6:00 PM,A,297,02:28,,,,,"BLOCK  by MARUSICH,KERSTI",,,"BLOCK  by MARUSICH,KERSTI",2,block,,austin college,kersti marusich,,148
298,17,austin,Centre College,Austin College,78-54,78,54,"32, 46, 78","34, 20, 54",32,46,78,34,20,54,"16-1, 10-0","1-18, 1-9",01/27/12,Win,95,No Location Recorded,6:00 PM,A,298,--,,,,,"REBOUND DEF by BEESON,LEXI",,,"REBOUND DEF by BEESON,LEXI",2,defensive rebound,,austin college,lexi beeson,,
299,17,austin,Centre College,Austin College,78-54,78,54,"32, 46, 78","34, 20, 54",32,46,78,34,20,54,"16-1, 10-0","1-18, 1-9",01/27/12,Win,95,No Location Recorded,6:00 PM,A,299,02:11,,,,,"MISS JUMPER by MARUSICH,KERSTI",,,"MISS JUMPER by MARUSICH,KERSTI",2,jumper,missed,austin college,kersti marusich,,131
300,17,austin,Centre College,Austin College,78-54,78,54,"32, 46, 78","34, 20, 54",32,46,78,34,20,54,"16-1, 10-0","1-18, 1-9",01/27/12,Win,95,No Location Recorded,6:00 PM,A,300,--,,,,,"REBOUND OFF by TAYLOR,ALLISON",,,"REBOUND OFF by TAYLOR,ALLISON",2,offensive rebound,,austin college,allison taylor,,
301,17,austin,Centre College,Austin College,78-54,78,54,"32, 46, 78","34, 20, 54",32,46,78,34,20,54,"16-1, 10-0","1-18, 1-9",01/27/12,Win,95,No Location Recorded,6:00 PM,A,301,01:59,,,,,"MISS JUMPER by TAYLOR,ALLISON",,,"MISS JUMPER by TAYLOR,ALLISON",2,jumper,missed,austin college,allison taylor,,119
302,17,austin,Centre College,Austin College,78-54,78,54,"32, 46, 78","34, 20, 54",32,46,78,34,20,54,"16-1, 10-0","1-18, 1-9",01/27/12,Win,95,No Location Recorded,6:00 PM,A,302,--,"REBOUND DEF by MOORE,HILLARY",,,,,,,"REBOUND DEF by MOORE,HILLARY",2,defensive rebound,,Centre,hillary moore,,
303,17,austin,Centre College,Austin College,78-54,78,54,"32, 46, 78","34, 20, 54",32,46,78,34,20,54,"16-1, 10-0","1-18, 1-9",01/27/12,Win,95,No Location Recorded,6:00 PM,A,303,01:50,"GOOD JUMPER by PREWITT,MAGGIE",73 (+19),,54,,CENTRE_W 73-54 (+19),,"GOOD JUMPER by PREWITT,MAGGIE",2,jumper,good,Centre,maggie prewitt,2,110
304,17,austin,Centre College,Austin College,78-54,78,54,"32, 46, 78","34, 20, 54",32,46,78,34,20,54,"16-1, 10-0","1-18, 1-9",01/27/12,Win,95,No Location Recorded,6:00 PM,A,304,--,"ASSIST  by MOORE,HILLARY",,,,,,,"ASSIST  by MOORE,HILLARY",2,assist,,Centre,hillary moore,,
305,17,austin,Centre College,Austin College,78-54,78,54,"32, 46, 78","34, 20, 54",32,46,78,34,20,54,"16-1, 10-0","1-18, 1-9",01/27/12,Win,95,No Location Recorded,6:00 PM,A,305,01:28,,,,,"MISS JUMPER by BEESON,LEXI",,,"MISS JUMPER by BEESON,LEXI",2,jumper,missed,austin college,lexi beeson,,88
306,17,austin,Centre College,Austin College,78-54,78,54,"32, 46, 78","34, 20, 54",32,46,78,34,20,54,"16-1, 10-0","1-18, 1-9",01/27/12,Win,95,No Location Recorded,6:00 PM,A,306,--,"REBOUND DEF by WEST,CAILYNN",,,,,,,"REBOUND DEF by WEST,CAILYNN",2,defensive rebound,,Centre,cailynn west,,
307,17,austin,Centre College,Austin College,78-54,78,54,"32, 46, 78","34, 20, 54",32,46,78,34,20,54,"16-1, 10-0","1-18, 1-9",01/27/12,Win,95,No Location Recorded,6:00 PM,A,307,01:18,TIMEOUT TEAM by TEAM,,,,,,,TIMEOUT TEAM by TEAM,2,timeout,,Centre,,,78
308,17,austin,Centre College,Austin College,78-54,78,54,"32, 46, 78","34, 20, 54",32,46,78,34,20,54,"16-1, 10-0","1-18, 1-9",01/27/12,Win,95,No Location Recorded,6:00 PM,A,308,01:16,"GOOD JUMPER by WEST,CAILYNN",75 (+21),,54,,CENTRE_W 75-54 (+21),,"GOOD JUMPER by WEST,CAILYNN",2,jumper,good,Centre,cailynn west,2,76
309,17,austin,Centre College,Austin College,78-54,78,54,"32, 46, 78","34, 20, 54",32,46,78,34,20,54,"16-1, 10-0","1-18, 1-9",01/27/12,Win,95,No Location Recorded,6:00 PM,A,309,01:05,,,,,"MISS LAYUP by SMITH,TEA",,,"MISS LAYUP by SMITH,TEA",2,layup,missed,austin college,tea smith,,65
310,17,austin,Centre College,Austin College,78-54,78,54,"32, 46, 78","34, 20, 54",32,46,78,34,20,54,"16-1, 10-0","1-18, 1-9",01/27/12,Win,95,No Location Recorded,6:00 PM,A,310,--,"REBOUND DEF by BRESSLER,ELIZABETH",,,,,,,"REBOUND DEF by BRESSLER,ELIZABETH",2,defensive rebound,,Centre,elizabeth bressler,,
311,17,austin,Centre College,Austin College,78-54,78,54,"32, 46, 78","34, 20, 54",32,46,78,34,20,54,"16-1, 10-0","1-18, 1-9",01/27/12,Win,95,No Location Recorded,6:00 PM,A,311,00:51,"TURNOVER  by MIRE,JENNA",,,,,,,"TURNOVER  by MIRE,JENNA",2,turnover,,Centre,jenna mire,,51
312,17,austin,Centre College,Austin College,78-54,78,54,"32, 46, 78","34, 20, 54",32,46,78,34,20,54,"16-1, 10-0","1-18, 1-9",01/27/12,Win,95,No Location Recorded,6:00 PM,A,312,00:50,,,,,"STEAL  by SMITH,TEA",,,"STEAL  by SMITH,TEA",2,steal,,austin college,,,50
313,17,austin,Centre College,Austin College,78-54,78,54,"32, 46, 78","34, 20, 54",32,46,78,34,20,54,"16-1, 10-0","1-18, 1-9",01/27/12,Win,95,No Location Recorded,6:00 PM,A,313,00:45,,,,,"MISS 3PTR by KINCAID,NIKKI",,,"MISS 3PTR by KINCAID,NIKKI",2,three pointer,missed,austin college,nikki kincaid,,45
314,17,austin,Centre College,Austin College,78-54,78,54,"32, 46, 78","34, 20, 54",32,46,78,34,20,54,"16-1, 10-0","1-18, 1-9",01/27/12,Win,95,No Location Recorded,6:00 PM,A,314,--,"REBOUND DEF by MOORE,HILLARY",,,,,,,"REBOUND DEF by MOORE,HILLARY",2,defensive rebound,,Centre,hillary moore,,
315,17,austin,Centre College,Austin College,78-54,78,54,"32, 46, 78","34, 20, 54",32,46,78,34,20,54,"16-1, 10-0","1-18, 1-9",01/27/12,Win,95,No Location Recorded,6:00 PM,A,315,00:33,"GOOD 3PTR by MOORE,HILLARY",78 (+24),,54,,CENTRE_W 78-54 (+24),,"GOOD 3PTR by MOORE,HILLARY",2,three pointer,good,Centre,hillary moore,3,33
316,17,austin,Centre College,Austin College,78-54,78,54,"32, 46, 78","34, 20, 54",32,46,78,34,20,54,"16-1, 10-0","1-18, 1-9",01/27/12,Win,95,No Location Recorded,6:00 PM,A,316,--,"ASSIST  by MIRE,JENNA",,,,,,,"ASSIST  by MIRE,JENNA",2,assist,,Centre,jenna mire,,
317,17,austin,Centre College,Austin College,78-54,78,54,"32, 46, 78","34, 20, 54",32,46,78,34,20,54,"16-1, 10-0","1-18, 1-9",01/27/12,Win,95,No Location Recorded,6:00 PM,A,317,00:17,,,,,"MISS 3PTR by HUFFMAN,SARAH",,,"MISS 3PTR by HUFFMAN,SARAH",2,three pointer,missed,austin college,sarah huffman,,17
318,17,austin,Centre College,Austin College,78-54,78,54,"32, 46, 78","34, 20, 54",32,46,78,34,20,54,"16-1, 10-0","1-18, 1-9",01/27/12,Win,95,No Location Recorded,6:00 PM,A,318,--,"REBOUND DEF by MIRE,JENNA",,,,,,,"REBOUND DEF by MIRE,JENNA",2,defensive rebound,,Centre,jenna mire,,
