,game,opponent name,boxscore_visitor_name,boxscore_home_name,final score,centreFinalScore,opponentFinalScore,centreScoreByPeriod,opponentScoreByPeriod,centreScorePeriod1,centreScorePeriod2,centreScorePeriod3,opponentScorePeriod1,opponentScorePeriod2,opponentScorePeriod3,centreRecord,opponentRecord,gameDate,outcome,attendance,gameLocation,gameTime,homeGame,,Time Remaining,CENTRE,Away Team Score,Play Team Indicator,Home Team Score,SEWANEE,Game Score,Team Indicator,Play,period number,Play Type,Shot Outcome,Team,Player,Points Earned,Time(seconds)
0,7,sewanee,Centre,Sewanee,42-41,42,41,"20, 22, 42","19, 22, 41",20,22,42,19,22,41,"2-5,1-0","2-2,0-1",12/01/12,Win,No Attendence Recorded,No Location Recorded,1:00 PM,A,0,Start Period 1,,,,,,,,,1,,,,,,
1,7,sewanee,Centre,Sewanee,42-41,42,41,"20, 22, 42","19, 22, 41",20,22,42,19,22,41,"2-5,1-0","2-2,0-1",12/01/12,Win,No Attendence Recorded,No Location Recorded,1:00 PM,A,1,19:44,,,,,"TURNOVER  by MEDLEY,CLARISSA",,,"TURNOVER  by MEDLEY,CLARISSA",1,turnover,,sewanee,clarissa medley,,1184
2,7,sewanee,Centre,Sewanee,42-41,42,41,"20, 22, 42","19, 22, 41",20,22,42,19,22,41,"2-5,1-0","2-2,0-1",12/01/12,Win,No Attendence Recorded,No Location Recorded,1:00 PM,A,2,19:41,"STEAL  by HARTLAGE,MAGGIE",,,,,,,"STEAL  by HARTLAGE,MAGGIE",1,steal,,Centre,,,1181
3,7,sewanee,Centre,Sewanee,42-41,42,41,"20, 22, 42","19, 22, 41",20,22,42,19,22,41,"2-5,1-0","2-2,0-1",12/01/12,Win,No Attendence Recorded,No Location Recorded,1:00 PM,A,3,19:28,"TURNOVER  by HARTLAGE,MAGGIE",,,,,,,"TURNOVER  by HARTLAGE,MAGGIE",1,turnover,,Centre,maggie hartlage,,1168
4,7,sewanee,Centre,Sewanee,42-41,42,41,"20, 22, 42","19, 22, 41",20,22,42,19,22,41,"2-5,1-0","2-2,0-1",12/01/12,Win,No Attendence Recorded,No Location Recorded,1:00 PM,A,4,19:26,,,,,"STEAL  by LOWE,PAIGE",,,"STEAL  by LOWE,PAIGE",1,steal,,sewanee,,,1166
5,7,sewanee,Centre,Sewanee,42-41,42,41,"20, 22, 42","19, 22, 41",20,22,42,19,22,41,"2-5,1-0","2-2,0-1",12/01/12,Win,No Attendence Recorded,No Location Recorded,1:00 PM,A,5,19:12,,,,,"MISS 3PTR by MEDLEY,CLARISSA",,,"MISS 3PTR by MEDLEY,CLARISSA",1,three pointer,missed,sewanee,clarissa medley,,1152
6,7,sewanee,Centre,Sewanee,42-41,42,41,"20, 22, 42","19, 22, 41",20,22,42,19,22,41,"2-5,1-0","2-2,0-1",12/01/12,Win,No Attendence Recorded,No Location Recorded,1:00 PM,A,6,--,"REBOUND DEF by BAECHLE,PAIGE",,,,,,,"REBOUND DEF by BAECHLE,PAIGE",1,defensive rebound,,Centre,paige baechle,,
7,7,sewanee,Centre,Sewanee,42-41,42,41,"20, 22, 42","19, 22, 41",20,22,42,19,22,41,"2-5,1-0","2-2,0-1",12/01/12,Win,No Attendence Recorded,No Location Recorded,1:00 PM,A,7,18:58,"TURNOVER  by BAECHLE,PAIGE",,,,,,,"TURNOVER  by BAECHLE,PAIGE",1,turnover,,Centre,paige baechle,,1138
8,7,sewanee,Centre,Sewanee,42-41,42,41,"20, 22, 42","19, 22, 41",20,22,42,19,22,41,"2-5,1-0","2-2,0-1",12/01/12,Win,No Attendence Recorded,No Location Recorded,1:00 PM,A,8,18:55,,,,,"STEAL  by SEWELL,KAYLA",,,"STEAL  by SEWELL,KAYLA",1,steal,,sewanee,,,1135
9,7,sewanee,Centre,Sewanee,42-41,42,41,"20, 22, 42","19, 22, 41",20,22,42,19,22,41,"2-5,1-0","2-2,0-1",12/01/12,Win,No Attendence Recorded,No Location Recorded,1:00 PM,A,9,18:43,,,,,"MISS 3PTR by BRADFORD,DEE",,,"MISS 3PTR by BRADFORD,DEE",1,three pointer,missed,sewanee,dee bradford,,1123
10,7,sewanee,Centre,Sewanee,42-41,42,41,"20, 22, 42","19, 22, 41",20,22,42,19,22,41,"2-5,1-0","2-2,0-1",12/01/12,Win,No Attendence Recorded,No Location Recorded,1:00 PM,A,10,--,"REBOUND DEF by BENHAM,CHELSEA",,,,,,,"REBOUND DEF by BENHAM,CHELSEA",1,defensive rebound,,Centre,chelsea benham,,
11,7,sewanee,Centre,Sewanee,42-41,42,41,"20, 22, 42","19, 22, 41",20,22,42,19,22,41,"2-5,1-0","2-2,0-1",12/01/12,Win,No Attendence Recorded,No Location Recorded,1:00 PM,A,11,18:28,,,,,"FOUL  by MEDLEY,CLARISSA",,,"FOUL  by MEDLEY,CLARISSA",1,foul,,sewanee,clarissa medley,,1108
12,7,sewanee,Centre,Sewanee,42-41,42,41,"20, 22, 42","19, 22, 41",20,22,42,19,22,41,"2-5,1-0","2-2,0-1",12/01/12,Win,No Attendence Recorded,No Location Recorded,1:00 PM,A,12,18:28,"GOOD FT by BENHAM,CHELSEA",1 (+1),,0,,CENTRE 1-0 (+1),,"GOOD FT by BENHAM,CHELSEA",1,free throw,good,Centre,chelsea benham,1,1108
13,7,sewanee,Centre,Sewanee,42-41,42,41,"20, 22, 42","19, 22, 41",20,22,42,19,22,41,"2-5,1-0","2-2,0-1",12/01/12,Win,No Attendence Recorded,No Location Recorded,1:00 PM,A,13,18:28,"GOOD FT by BENHAM,CHELSEA",2 (+2),,0,,CENTRE 2-0 (+2),,"GOOD FT by BENHAM,CHELSEA",1,free throw,good,Centre,chelsea benham,1,1108
14,7,sewanee,Centre,Sewanee,42-41,42,41,"20, 22, 42","19, 22, 41",20,22,42,19,22,41,"2-5,1-0","2-2,0-1",12/01/12,Win,No Attendence Recorded,No Location Recorded,1:00 PM,A,14,18:00,,,,,"MISS 3PTR by CHAUVIN,JAMIE",,,"MISS 3PTR by CHAUVIN,JAMIE",1,three pointer,missed,sewanee,jamie chauvin,,1080
15,7,sewanee,Centre,Sewanee,42-41,42,41,"20, 22, 42","19, 22, 41",20,22,42,19,22,41,"2-5,1-0","2-2,0-1",12/01/12,Win,No Attendence Recorded,No Location Recorded,1:00 PM,A,15,--,"REBOUND DEF by HARTLAGE,MAGGIE",,,,,,,"REBOUND DEF by HARTLAGE,MAGGIE",1,defensive rebound,,Centre,maggie hartlage,,
16,7,sewanee,Centre,Sewanee,42-41,42,41,"20, 22, 42","19, 22, 41",20,22,42,19,22,41,"2-5,1-0","2-2,0-1",12/01/12,Win,No Attendence Recorded,No Location Recorded,1:00 PM,A,16,17:52,"MISS 3PTR by MIRE,JENNA",,,,,,,"MISS 3PTR by MIRE,JENNA",1,three pointer,missed,Centre,jenna mire,,1072
17,7,sewanee,Centre,Sewanee,42-41,42,41,"20, 22, 42","19, 22, 41",20,22,42,19,22,41,"2-5,1-0","2-2,0-1",12/01/12,Win,No Attendence Recorded,No Location Recorded,1:00 PM,A,17,--,,,,,REBOUND DEF by TEAM,,,REBOUND DEF by TEAM,1,defensive rebound,,Centre,,,
18,7,sewanee,Centre,Sewanee,42-41,42,41,"20, 22, 42","19, 22, 41",20,22,42,19,22,41,"2-5,1-0","2-2,0-1",12/01/12,Win,No Attendence Recorded,No Location Recorded,1:00 PM,A,18,17:25,,,,,"TURNOVER  by BRADFORD,DEE",,,"TURNOVER  by BRADFORD,DEE",1,turnover,,sewanee,dee bradford,,1045
19,7,sewanee,Centre,Sewanee,42-41,42,41,"20, 22, 42","19, 22, 41",20,22,42,19,22,41,"2-5,1-0","2-2,0-1",12/01/12,Win,No Attendence Recorded,No Location Recorded,1:00 PM,A,19,17:23,"STEAL  by WINSTEAD,BRIDGET",,,,,,,"STEAL  by WINSTEAD,BRIDGET",1,steal,,Centre,,,1043
20,7,sewanee,Centre,Sewanee,42-41,42,41,"20, 22, 42","19, 22, 41",20,22,42,19,22,41,"2-5,1-0","2-2,0-1",12/01/12,Win,No Attendence Recorded,No Location Recorded,1:00 PM,A,20,17:17,"MISS 3PTR by WINSTEAD,BRIDGET",,,,,,,"MISS 3PTR by WINSTEAD,BRIDGET",1,three pointer,missed,Centre,bridget winstead,,1037
21,7,sewanee,Centre,Sewanee,42-41,42,41,"20, 22, 42","19, 22, 41",20,22,42,19,22,41,"2-5,1-0","2-2,0-1",12/01/12,Win,No Attendence Recorded,No Location Recorded,1:00 PM,A,21,--,,,,,REBOUND DEF by TEAM,,,REBOUND DEF by TEAM,1,defensive rebound,,Centre,,,
22,7,sewanee,Centre,Sewanee,42-41,42,41,"20, 22, 42","19, 22, 41",20,22,42,19,22,41,"2-5,1-0","2-2,0-1",12/01/12,Win,No Attendence Recorded,No Location Recorded,1:00 PM,A,22,16:43,,,,,"MISS 3PTR by CHAUVIN,JAMIE",,,"MISS 3PTR by CHAUVIN,JAMIE",1,three pointer,missed,sewanee,jamie chauvin,,1003
23,7,sewanee,Centre,Sewanee,42-41,42,41,"20, 22, 42","19, 22, 41",20,22,42,19,22,41,"2-5,1-0","2-2,0-1",12/01/12,Win,No Attendence Recorded,No Location Recorded,1:00 PM,A,23,16:43,"BLOCK  by BAECHLE,PAIGE",,,,,,,"BLOCK  by BAECHLE,PAIGE",1,block,,Centre,paige baechle,,1003
24,7,sewanee,Centre,Sewanee,42-41,42,41,"20, 22, 42","19, 22, 41",20,22,42,19,22,41,"2-5,1-0","2-2,0-1",12/01/12,Win,No Attendence Recorded,No Location Recorded,1:00 PM,A,24,--,REBOUND DEF by TEAM,,,,,,,REBOUND DEF by TEAM,1,defensive rebound,,Centre,,,
25,7,sewanee,Centre,Sewanee,42-41,42,41,"20, 22, 42","19, 22, 41",20,22,42,19,22,41,"2-5,1-0","2-2,0-1",12/01/12,Win,No Attendence Recorded,No Location Recorded,1:00 PM,A,25,16:31,"MISS 3PTR by MOORE,HILLARY",,,,,,,"MISS 3PTR by MOORE,HILLARY",1,three pointer,missed,Centre,hillary moore,,991
26,7,sewanee,Centre,Sewanee,42-41,42,41,"20, 22, 42","19, 22, 41",20,22,42,19,22,41,"2-5,1-0","2-2,0-1",12/01/12,Win,No Attendence Recorded,No Location Recorded,1:00 PM,A,26,--,"REBOUND OFF by BAECHLE,PAIGE",,,,,,,"REBOUND OFF by BAECHLE,PAIGE",1,offensive rebound,,Centre,paige baechle,,
27,7,sewanee,Centre,Sewanee,42-41,42,41,"20, 22, 42","19, 22, 41",20,22,42,19,22,41,"2-5,1-0","2-2,0-1",12/01/12,Win,No Attendence Recorded,No Location Recorded,1:00 PM,A,27,16:16,"GOOD JUMPER by BAECHLE,PAIGE(in the paint)",4 (+4),,0,,CENTRE 4-0 (+4),,"GOOD JUMPER by BAECHLE,PAIGE(in the paint)",1,jumper,good,Centre,paige baechle,2,976
28,7,sewanee,Centre,Sewanee,42-41,42,41,"20, 22, 42","19, 22, 41",20,22,42,19,22,41,"2-5,1-0","2-2,0-1",12/01/12,Win,No Attendence Recorded,No Location Recorded,1:00 PM,A,28,--,"ASSIST  by BENHAM,CHELSEA",,,,,,,"ASSIST  by BENHAM,CHELSEA",1,assist,,Centre,chelsea benham,,
29,7,sewanee,Centre,Sewanee,42-41,42,41,"20, 22, 42","19, 22, 41",20,22,42,19,22,41,"2-5,1-0","2-2,0-1",12/01/12,Win,No Attendence Recorded,No Location Recorded,1:00 PM,A,29,15:52,,,,,"MISS 3PTR by LOWE,PAIGE",,,"MISS 3PTR by LOWE,PAIGE",1,three pointer,missed,sewanee,paige lowe,,952
30,7,sewanee,Centre,Sewanee,42-41,42,41,"20, 22, 42","19, 22, 41",20,22,42,19,22,41,"2-5,1-0","2-2,0-1",12/01/12,Win,No Attendence Recorded,No Location Recorded,1:00 PM,A,30,--,"REBOUND DEF by BAECHLE,PAIGE",,,,,,,"REBOUND DEF by BAECHLE,PAIGE",1,defensive rebound,,Centre,paige baechle,,
31,7,sewanee,Centre,Sewanee,42-41,42,41,"20, 22, 42","19, 22, 41",20,22,42,19,22,41,"2-5,1-0","2-2,0-1",12/01/12,Win,No Attendence Recorded,No Location Recorded,1:00 PM,A,31,15:39,"MISS LAYUP by STOUGH,MARY",,,,,,,"MISS LAYUP by STOUGH,MARY",1,layup,missed,Centre,mary stough,,939
32,7,sewanee,Centre,Sewanee,42-41,42,41,"20, 22, 42","19, 22, 41",20,22,42,19,22,41,"2-5,1-0","2-2,0-1",12/01/12,Win,No Attendence Recorded,No Location Recorded,1:00 PM,A,32,15:39,,,,,"BLOCK  by SEWELL,KAYLA",,,"BLOCK  by SEWELL,KAYLA",1,block,,sewanee,kayla sewell,,939
33,7,sewanee,Centre,Sewanee,42-41,42,41,"20, 22, 42","19, 22, 41",20,22,42,19,22,41,"2-5,1-0","2-2,0-1",12/01/12,Win,No Attendence Recorded,No Location Recorded,1:00 PM,A,33,--,,,,,"REBOUND DEF by SEWELL,KAYLA",,,"REBOUND DEF by SEWELL,KAYLA",1,defensive rebound,,sewanee,kayla sewell,,
34,7,sewanee,Centre,Sewanee,42-41,42,41,"20, 22, 42","19, 22, 41",20,22,42,19,22,41,"2-5,1-0","2-2,0-1",12/01/12,Win,No Attendence Recorded,No Location Recorded,1:00 PM,A,34,15:06,,,,,"MISS JUMPER by SAMOCIUK,JAMIE",,,"MISS JUMPER by SAMOCIUK,JAMIE",1,jumper,missed,sewanee,jamie samociuk,,906
35,7,sewanee,Centre,Sewanee,42-41,42,41,"20, 22, 42","19, 22, 41",20,22,42,19,22,41,"2-5,1-0","2-2,0-1",12/01/12,Win,No Attendence Recorded,No Location Recorded,1:00 PM,A,35,--,"REBOUND DEF by WINSTEAD,BRIDGET",,,,,,,"REBOUND DEF by WINSTEAD,BRIDGET",1,defensive rebound,,Centre,bridget winstead,,
36,7,sewanee,Centre,Sewanee,42-41,42,41,"20, 22, 42","19, 22, 41",20,22,42,19,22,41,"2-5,1-0","2-2,0-1",12/01/12,Win,No Attendence Recorded,No Location Recorded,1:00 PM,A,36,14:39,TIMEOUT 20SEC by TEAM,,,,,,,TIMEOUT 20SEC by TEAM,1,timeout,,Centre,,,879
37,7,sewanee,Centre,Sewanee,42-41,42,41,"20, 22, 42","19, 22, 41",20,22,42,19,22,41,"2-5,1-0","2-2,0-1",12/01/12,Win,No Attendence Recorded,No Location Recorded,1:00 PM,A,37,14:13,"MISS JUMPER by BAECHLE,PAIGE",,,,,,,"MISS JUMPER by BAECHLE,PAIGE",1,jumper,missed,Centre,paige baechle,,853
38,7,sewanee,Centre,Sewanee,42-41,42,41,"20, 22, 42","19, 22, 41",20,22,42,19,22,41,"2-5,1-0","2-2,0-1",12/01/12,Win,No Attendence Recorded,No Location Recorded,1:00 PM,A,38,--,"REBOUND OFF by STOUGH,MARY",,,,,,,"REBOUND OFF by STOUGH,MARY",1,offensive rebound,,Centre,mary stough,,
39,7,sewanee,Centre,Sewanee,42-41,42,41,"20, 22, 42","19, 22, 41",20,22,42,19,22,41,"2-5,1-0","2-2,0-1",12/01/12,Win,No Attendence Recorded,No Location Recorded,1:00 PM,A,39,14:08,"GOOD LAYUP by STOUGH,MARY(in the paint)",6 (+6),,0,,CENTRE 6-0 (+6),,"GOOD LAYUP by STOUGH,MARY(in the paint)",1,layup,good,Centre,mary stough,2,848
40,7,sewanee,Centre,Sewanee,42-41,42,41,"20, 22, 42","19, 22, 41",20,22,42,19,22,41,"2-5,1-0","2-2,0-1",12/01/12,Win,No Attendence Recorded,No Location Recorded,1:00 PM,A,40,13:41,,,,,"MISS 3PTR by LOWE,PAIGE",,,"MISS 3PTR by LOWE,PAIGE",1,three pointer,missed,sewanee,paige lowe,,821
41,7,sewanee,Centre,Sewanee,42-41,42,41,"20, 22, 42","19, 22, 41",20,22,42,19,22,41,"2-5,1-0","2-2,0-1",12/01/12,Win,No Attendence Recorded,No Location Recorded,1:00 PM,A,41,--,"REBOUND DEF by WINSTEAD,BRIDGET",,,,,,,"REBOUND DEF by WINSTEAD,BRIDGET",1,defensive rebound,,Centre,bridget winstead,,
42,7,sewanee,Centre,Sewanee,42-41,42,41,"20, 22, 42","19, 22, 41",20,22,42,19,22,41,"2-5,1-0","2-2,0-1",12/01/12,Win,No Attendence Recorded,No Location Recorded,1:00 PM,A,42,13:30,"TURNOVER  by WINSTEAD,BRIDGET",,,,,,,"TURNOVER  by WINSTEAD,BRIDGET",1,turnover,,Centre,bridget winstead,,810
43,7,sewanee,Centre,Sewanee,42-41,42,41,"20, 22, 42","19, 22, 41",20,22,42,19,22,41,"2-5,1-0","2-2,0-1",12/01/12,Win,No Attendence Recorded,No Location Recorded,1:00 PM,A,43,13:29,,,,,"STEAL  by LOWE,PAIGE",,,"STEAL  by LOWE,PAIGE",1,steal,,sewanee,,,809
44,7,sewanee,Centre,Sewanee,42-41,42,41,"20, 22, 42","19, 22, 41",20,22,42,19,22,41,"2-5,1-0","2-2,0-1",12/01/12,Win,No Attendence Recorded,No Location Recorded,1:00 PM,A,44,13:03,,,,,"MISS 3PTR by BRADFORD,DEE",,,"MISS 3PTR by BRADFORD,DEE",1,three pointer,missed,sewanee,dee bradford,,783
45,7,sewanee,Centre,Sewanee,42-41,42,41,"20, 22, 42","19, 22, 41",20,22,42,19,22,41,"2-5,1-0","2-2,0-1",12/01/12,Win,No Attendence Recorded,No Location Recorded,1:00 PM,A,45,--,"REBOUND DEF by STOUGH,MARY",,,,,,,"REBOUND DEF by STOUGH,MARY",1,defensive rebound,,Centre,mary stough,,
46,7,sewanee,Centre,Sewanee,42-41,42,41,"20, 22, 42","19, 22, 41",20,22,42,19,22,41,"2-5,1-0","2-2,0-1",12/01/12,Win,No Attendence Recorded,No Location Recorded,1:00 PM,A,46,12:47,"GOOD 3PTR by WINSTEAD,BRIDGET",9 (+9),,0,,CENTRE 9-0 (+9),,"GOOD 3PTR by WINSTEAD,BRIDGET",1,three pointer,good,Centre,bridget winstead,3,767
47,7,sewanee,Centre,Sewanee,42-41,42,41,"20, 22, 42","19, 22, 41",20,22,42,19,22,41,"2-5,1-0","2-2,0-1",12/01/12,Win,No Attendence Recorded,No Location Recorded,1:00 PM,A,47,--,"ASSIST  by STOUGH,MARY",,,,,,,"ASSIST  by STOUGH,MARY",1,assist,,Centre,mary stough,,
48,7,sewanee,Centre,Sewanee,42-41,42,41,"20, 22, 42","19, 22, 41",20,22,42,19,22,41,"2-5,1-0","2-2,0-1",12/01/12,Win,No Attendence Recorded,No Location Recorded,1:00 PM,A,48,12:27,,,,,"MISS 3PTR by MEDLEY,CLARISSA",,,"MISS 3PTR by MEDLEY,CLARISSA",1,three pointer,missed,sewanee,clarissa medley,,747
49,7,sewanee,Centre,Sewanee,42-41,42,41,"20, 22, 42","19, 22, 41",20,22,42,19,22,41,"2-5,1-0","2-2,0-1",12/01/12,Win,No Attendence Recorded,No Location Recorded,1:00 PM,A,49,--,"REBOUND DEF by STOUGH,MARY",,,,,,,"REBOUND DEF by STOUGH,MARY",1,defensive rebound,,Centre,mary stough,,
50,7,sewanee,Centre,Sewanee,42-41,42,41,"20, 22, 42","19, 22, 41",20,22,42,19,22,41,"2-5,1-0","2-2,0-1",12/01/12,Win,No Attendence Recorded,No Location Recorded,1:00 PM,A,50,12:26,,,,,"FOUL  by BRADFORD,DEE",,,"FOUL  by BRADFORD,DEE",1,foul,,sewanee,dee bradford,,746
51,7,sewanee,Centre,Sewanee,42-41,42,41,"20, 22, 42","19, 22, 41",20,22,42,19,22,41,"2-5,1-0","2-2,0-1",12/01/12,Win,No Attendence Recorded,No Location Recorded,1:00 PM,A,51,12:07,,,,,"FOUL  by BRADFORD,DEE",,,"FOUL  by BRADFORD,DEE",1,foul,,sewanee,dee bradford,,727
52,7,sewanee,Centre,Sewanee,42-41,42,41,"20, 22, 42","19, 22, 41",20,22,42,19,22,41,"2-5,1-0","2-2,0-1",12/01/12,Win,No Attendence Recorded,No Location Recorded,1:00 PM,A,52,12:07,MISS FT by TEAM,,,,,,,MISS FT by TEAM,1,free throw,missed,Centre,,,727
53,7,sewanee,Centre,Sewanee,42-41,42,41,"20, 22, 42","19, 22, 41",20,22,42,19,22,41,"2-5,1-0","2-2,0-1",12/01/12,Win,No Attendence Recorded,No Location Recorded,1:00 PM,A,53,--,REBOUND DEADB by TEAM,,,,,,,REBOUND DEADB by TEAM,1,deadball rebound,,Centre,,,
54,7,sewanee,Centre,Sewanee,42-41,42,41,"20, 22, 42","19, 22, 41",20,22,42,19,22,41,"2-5,1-0","2-2,0-1",12/01/12,Win,No Attendence Recorded,No Location Recorded,1:00 PM,A,54,12:07,"GOOD FT by BENHAM,CHELSEA",10 (+10),,0,,CENTRE 10-0 (+10),,"GOOD FT by BENHAM,CHELSEA",1,free throw,good,Centre,chelsea benham,1,727
55,7,sewanee,Centre,Sewanee,42-41,42,41,"20, 22, 42","19, 22, 41",20,22,42,19,22,41,"2-5,1-0","2-2,0-1",12/01/12,Win,No Attendence Recorded,No Location Recorded,1:00 PM,A,55,11:40,,,,,"MISS 3PTR by JONES,MCKENZIE",,,"MISS 3PTR by JONES,MCKENZIE",1,three pointer,missed,sewanee,mckenzie jones,,700
56,7,sewanee,Centre,Sewanee,42-41,42,41,"20, 22, 42","19, 22, 41",20,22,42,19,22,41,"2-5,1-0","2-2,0-1",12/01/12,Win,No Attendence Recorded,No Location Recorded,1:00 PM,A,56,--,"REBOUND DEF by STOUGH,MARY",,,,,,,"REBOUND DEF by STOUGH,MARY",1,defensive rebound,,Centre,mary stough,,
57,7,sewanee,Centre,Sewanee,42-41,42,41,"20, 22, 42","19, 22, 41",20,22,42,19,22,41,"2-5,1-0","2-2,0-1",12/01/12,Win,No Attendence Recorded,No Location Recorded,1:00 PM,A,57,11:26,"MISS 3PTR by MOORE,HILLARY",,,,,,,"MISS 3PTR by MOORE,HILLARY",1,three pointer,missed,Centre,hillary moore,,686
58,7,sewanee,Centre,Sewanee,42-41,42,41,"20, 22, 42","19, 22, 41",20,22,42,19,22,41,"2-5,1-0","2-2,0-1",12/01/12,Win,No Attendence Recorded,No Location Recorded,1:00 PM,A,58,--,,,,,"REBOUND DEF by MEDLEY,CLARISSA",,,"REBOUND DEF by MEDLEY,CLARISSA",1,defensive rebound,,sewanee,clarissa medley,,
59,7,sewanee,Centre,Sewanee,42-41,42,41,"20, 22, 42","19, 22, 41",20,22,42,19,22,41,"2-5,1-0","2-2,0-1",12/01/12,Win,No Attendence Recorded,No Location Recorded,1:00 PM,A,59,11:07,"FOUL  by BENHAM,CHELSEA",,,,,,,"FOUL  by BENHAM,CHELSEA",1,foul,,Centre,chelsea benham,,667
60,7,sewanee,Centre,Sewanee,42-41,42,41,"20, 22, 42","19, 22, 41",20,22,42,19,22,41,"2-5,1-0","2-2,0-1",12/01/12,Win,No Attendence Recorded,No Location Recorded,1:00 PM,A,60,11:07,,10 (+8),,2,"GOOD JUMPER by SEWELL,KAYLA",SEWANEE 10-2 (+8),,"GOOD JUMPER by SEWELL,KAYLA",1,jumper,good,sewanee,kayla sewell,2,667
61,7,sewanee,Centre,Sewanee,42-41,42,41,"20, 22, 42","19, 22, 41",20,22,42,19,22,41,"2-5,1-0","2-2,0-1",12/01/12,Win,No Attendence Recorded,No Location Recorded,1:00 PM,A,61,--,,,,,"ASSIST  by SAMOCIUK,JAMIE",,,"ASSIST  by SAMOCIUK,JAMIE",1,assist,,sewanee,jamie samociuk,,
62,7,sewanee,Centre,Sewanee,42-41,42,41,"20, 22, 42","19, 22, 41",20,22,42,19,22,41,"2-5,1-0","2-2,0-1",12/01/12,Win,No Attendence Recorded,No Location Recorded,1:00 PM,A,62,11:06,"TURNOVER  by WINSTEAD,MARY",,,,,,,"TURNOVER  by WINSTEAD,MARY",1,turnover,,Centre,mary winstead,,666
63,7,sewanee,Centre,Sewanee,42-41,42,41,"20, 22, 42","19, 22, 41",20,22,42,19,22,41,"2-5,1-0","2-2,0-1",12/01/12,Win,No Attendence Recorded,No Location Recorded,1:00 PM,A,63,11:06,,,,,"STEAL  by SAMOCIUK,JAMIE",,,"STEAL  by SAMOCIUK,JAMIE",1,steal,,sewanee,,,666
64,7,sewanee,Centre,Sewanee,42-41,42,41,"20, 22, 42","19, 22, 41",20,22,42,19,22,41,"2-5,1-0","2-2,0-1",12/01/12,Win,No Attendence Recorded,No Location Recorded,1:00 PM,A,64,11:02,,10 (+6),,4,"GOOD JUMPER by CHAUVIN,JAMIE(in the paint)",SEWANEE 10-4 (+6),,"GOOD JUMPER by CHAUVIN,JAMIE(in the paint)",1,jumper,good,sewanee,jamie chauvin,2,662
65,7,sewanee,Centre,Sewanee,42-41,42,41,"20, 22, 42","19, 22, 41",20,22,42,19,22,41,"2-5,1-0","2-2,0-1",12/01/12,Win,No Attendence Recorded,No Location Recorded,1:00 PM,A,65,10:23,"MISS JUMPER by STOUGH,MARY",,,,,,,"MISS JUMPER by STOUGH,MARY",1,jumper,missed,Centre,mary stough,,623
66,7,sewanee,Centre,Sewanee,42-41,42,41,"20, 22, 42","19, 22, 41",20,22,42,19,22,41,"2-5,1-0","2-2,0-1",12/01/12,Win,No Attendence Recorded,No Location Recorded,1:00 PM,A,66,--,,,,,REBOUND DEF by TEAM,,,REBOUND DEF by TEAM,1,defensive rebound,,Centre,,,
67,7,sewanee,Centre,Sewanee,42-41,42,41,"20, 22, 42","19, 22, 41",20,22,42,19,22,41,"2-5,1-0","2-2,0-1",12/01/12,Win,No Attendence Recorded,No Location Recorded,1:00 PM,A,67,9:55,,10 (+4),,6,"GOOD LAYUP by LOWE,PAIGE(in the paint)",SEWANEE 10-6 (+4),,"GOOD LAYUP by LOWE,PAIGE(in the paint)",1,layup,good,sewanee,paige lowe,2,595
68,7,sewanee,Centre,Sewanee,42-41,42,41,"20, 22, 42","19, 22, 41",20,22,42,19,22,41,"2-5,1-0","2-2,0-1",12/01/12,Win,No Attendence Recorded,No Location Recorded,1:00 PM,A,68,--,,,,,"ASSIST  by MCDONOUGH,HALEY",,,"ASSIST  by MCDONOUGH,HALEY",1,assist,,sewanee,haley mcdonough,,
69,7,sewanee,Centre,Sewanee,42-41,42,41,"20, 22, 42","19, 22, 41",20,22,42,19,22,41,"2-5,1-0","2-2,0-1",12/01/12,Win,No Attendence Recorded,No Location Recorded,1:00 PM,A,69,9:46,"GOOD JUMPER by BAECHLE,PAIGE",12 (+6),,6,,CENTRE 12-6 (+6),,"GOOD JUMPER by BAECHLE,PAIGE",1,jumper,good,Centre,paige baechle,2,586
70,7,sewanee,Centre,Sewanee,42-41,42,41,"20, 22, 42","19, 22, 41",20,22,42,19,22,41,"2-5,1-0","2-2,0-1",12/01/12,Win,No Attendence Recorded,No Location Recorded,1:00 PM,A,70,--,"ASSIST  by WINSTEAD,BRIDGET",,,,,,,"ASSIST  by WINSTEAD,BRIDGET",1,assist,,Centre,bridget winstead,,
71,7,sewanee,Centre,Sewanee,42-41,42,41,"20, 22, 42","19, 22, 41",20,22,42,19,22,41,"2-5,1-0","2-2,0-1",12/01/12,Win,No Attendence Recorded,No Location Recorded,1:00 PM,A,71,9:42,,,,,"TURNOVER  by SEWELL,KAYLA",,,"TURNOVER  by SEWELL,KAYLA",1,turnover,,sewanee,kayla sewell,,582
72,7,sewanee,Centre,Sewanee,42-41,42,41,"20, 22, 42","19, 22, 41",20,22,42,19,22,41,"2-5,1-0","2-2,0-1",12/01/12,Win,No Attendence Recorded,No Location Recorded,1:00 PM,A,72,9:36,"GOOD JUMPER by BAECHLE,PAIGE(in the paint)",14 (+8),,6,,CENTRE 14-6 (+8),,"GOOD JUMPER by BAECHLE,PAIGE(in the paint)",1,jumper,good,Centre,paige baechle,2,576
73,7,sewanee,Centre,Sewanee,42-41,42,41,"20, 22, 42","19, 22, 41",20,22,42,19,22,41,"2-5,1-0","2-2,0-1",12/01/12,Win,No Attendence Recorded,No Location Recorded,1:00 PM,A,73,--,"ASSIST  by MIRE,JENNA",,,,,,,"ASSIST  by MIRE,JENNA",1,assist,,Centre,jenna mire,,
74,7,sewanee,Centre,Sewanee,42-41,42,41,"20, 22, 42","19, 22, 41",20,22,42,19,22,41,"2-5,1-0","2-2,0-1",12/01/12,Win,No Attendence Recorded,No Location Recorded,1:00 PM,A,74,9:27,"FOUL  by WINSTEAD,BRIDGET",,,,,,,"FOUL  by WINSTEAD,BRIDGET",1,foul,,Centre,bridget winstead,,567
75,7,sewanee,Centre,Sewanee,42-41,42,41,"20, 22, 42","19, 22, 41",20,22,42,19,22,41,"2-5,1-0","2-2,0-1",12/01/12,Win,No Attendence Recorded,No Location Recorded,1:00 PM,A,75,9:11,,,,,"MISS JUMPER by JONES,MCKENZIE",,,"MISS JUMPER by JONES,MCKENZIE",1,jumper,missed,sewanee,mckenzie jones,,551
76,7,sewanee,Centre,Sewanee,42-41,42,41,"20, 22, 42","19, 22, 41",20,22,42,19,22,41,"2-5,1-0","2-2,0-1",12/01/12,Win,No Attendence Recorded,No Location Recorded,1:00 PM,A,76,--,"REBOUND DEF by MIRE,JENNA",,,,,,,"REBOUND DEF by MIRE,JENNA",1,defensive rebound,,Centre,jenna mire,,
77,7,sewanee,Centre,Sewanee,42-41,42,41,"20, 22, 42","19, 22, 41",20,22,42,19,22,41,"2-5,1-0","2-2,0-1",12/01/12,Win,No Attendence Recorded,No Location Recorded,1:00 PM,A,77,8:47,"TURNOVER  by BAECHLE,PAIGE",,,,,,,"TURNOVER  by BAECHLE,PAIGE",1,turnover,,Centre,paige baechle,,527
78,7,sewanee,Centre,Sewanee,42-41,42,41,"20, 22, 42","19, 22, 41",20,22,42,19,22,41,"2-5,1-0","2-2,0-1",12/01/12,Win,No Attendence Recorded,No Location Recorded,1:00 PM,A,78,8:47,"FOUL  by BAECHLE,PAIGE",,,,,,,"FOUL  by BAECHLE,PAIGE",1,foul,,Centre,paige baechle,,527
79,7,sewanee,Centre,Sewanee,42-41,42,41,"20, 22, 42","19, 22, 41",20,22,42,19,22,41,"2-5,1-0","2-2,0-1",12/01/12,Win,No Attendence Recorded,No Location Recorded,1:00 PM,A,79,8:29,,,,,"MISS 3PTR by LOWE,PAIGE",,,"MISS 3PTR by LOWE,PAIGE",1,three pointer,missed,sewanee,paige lowe,,509
80,7,sewanee,Centre,Sewanee,42-41,42,41,"20, 22, 42","19, 22, 41",20,22,42,19,22,41,"2-5,1-0","2-2,0-1",12/01/12,Win,No Attendence Recorded,No Location Recorded,1:00 PM,A,80,--,"REBOUND DEF by MOORE,HILLARY",,,,,,,"REBOUND DEF by MOORE,HILLARY",1,defensive rebound,,Centre,hillary moore,,
81,7,sewanee,Centre,Sewanee,42-41,42,41,"20, 22, 42","19, 22, 41",20,22,42,19,22,41,"2-5,1-0","2-2,0-1",12/01/12,Win,No Attendence Recorded,No Location Recorded,1:00 PM,A,81,8:22,"TURNOVER  by MOORE,HILLARY",,,,,,,"TURNOVER  by MOORE,HILLARY",1,turnover,,Centre,hillary moore,,502
82,7,sewanee,Centre,Sewanee,42-41,42,41,"20, 22, 42","19, 22, 41",20,22,42,19,22,41,"2-5,1-0","2-2,0-1",12/01/12,Win,No Attendence Recorded,No Location Recorded,1:00 PM,A,82,8:20,,,,,"STEAL  by CHAUVIN,JAMIE",,,"STEAL  by CHAUVIN,JAMIE",1,steal,,sewanee,,,500
83,7,sewanee,Centre,Sewanee,42-41,42,41,"20, 22, 42","19, 22, 41",20,22,42,19,22,41,"2-5,1-0","2-2,0-1",12/01/12,Win,No Attendence Recorded,No Location Recorded,1:00 PM,A,83,8:18,,14 (+6),,8,"GOOD LAYUP by CHAUVIN,JAMIE(fastbreak)(in the paint)",SEWANEE 14-8 (+6),,"GOOD LAYUP by CHAUVIN,JAMIE(fastbreak)(in the paint)",1,layup,good,sewanee,jamie(fastbreak) chauvin,2,498
84,7,sewanee,Centre,Sewanee,42-41,42,41,"20, 22, 42","19, 22, 41",20,22,42,19,22,41,"2-5,1-0","2-2,0-1",12/01/12,Win,No Attendence Recorded,No Location Recorded,1:00 PM,A,84,8:09,,,,,"FOUL  by CHAUVIN,JAMIE",,,"FOUL  by CHAUVIN,JAMIE",1,foul,,sewanee,jamie chauvin,,489
85,7,sewanee,Centre,Sewanee,42-41,42,41,"20, 22, 42","19, 22, 41",20,22,42,19,22,41,"2-5,1-0","2-2,0-1",12/01/12,Win,No Attendence Recorded,No Location Recorded,1:00 PM,A,85,7:50,,,,,"FOUL  by SEWELL,KAYLA",,,"FOUL  by SEWELL,KAYLA",1,foul,,sewanee,kayla sewell,,470
86,7,sewanee,Centre,Sewanee,42-41,42,41,"20, 22, 42","19, 22, 41",20,22,42,19,22,41,"2-5,1-0","2-2,0-1",12/01/12,Win,No Attendence Recorded,No Location Recorded,1:00 PM,A,86,7:47,"GOOD FT by BENHAM,CHELSEA",15 (+7),,8,,CENTRE 15-8 (+7),,"GOOD FT by BENHAM,CHELSEA",1,free throw,good,Centre,chelsea benham,1,467
87,7,sewanee,Centre,Sewanee,42-41,42,41,"20, 22, 42","19, 22, 41",20,22,42,19,22,41,"2-5,1-0","2-2,0-1",12/01/12,Win,No Attendence Recorded,No Location Recorded,1:00 PM,A,87,7:47,MISS FT by TEAM,,,,,,,MISS FT by TEAM,1,free throw,missed,Centre,,,467
88,7,sewanee,Centre,Sewanee,42-41,42,41,"20, 22, 42","19, 22, 41",20,22,42,19,22,41,"2-5,1-0","2-2,0-1",12/01/12,Win,No Attendence Recorded,No Location Recorded,1:00 PM,A,88,--,,,,,REBOUND DEADB by TEAM,,,REBOUND DEADB by TEAM,1,deadball rebound,,Centre,,,
89,7,sewanee,Centre,Sewanee,42-41,42,41,"20, 22, 42","19, 22, 41",20,22,42,19,22,41,"2-5,1-0","2-2,0-1",12/01/12,Win,No Attendence Recorded,No Location Recorded,1:00 PM,A,89,7:39,,15 (+4),,11,"GOOD 3PTR by LOWE,PAIGE",SEWANEE 15-11 (+4),,"GOOD 3PTR by LOWE,PAIGE",1,three pointer,good,sewanee,paige lowe,3,459
90,7,sewanee,Centre,Sewanee,42-41,42,41,"20, 22, 42","19, 22, 41",20,22,42,19,22,41,"2-5,1-0","2-2,0-1",12/01/12,Win,No Attendence Recorded,No Location Recorded,1:00 PM,A,90,7:26,"MISS LAYUP by STOUGH,MARY",,,,,,,"MISS LAYUP by STOUGH,MARY",1,layup,missed,Centre,mary stough,,446
91,7,sewanee,Centre,Sewanee,42-41,42,41,"20, 22, 42","19, 22, 41",20,22,42,19,22,41,"2-5,1-0","2-2,0-1",12/01/12,Win,No Attendence Recorded,No Location Recorded,1:00 PM,A,91,--,,,,,"REBOUND DEF by LOWE,PAIGE",,,"REBOUND DEF by LOWE,PAIGE",1,defensive rebound,,sewanee,paige lowe,,
92,7,sewanee,Centre,Sewanee,42-41,42,41,"20, 22, 42","19, 22, 41",20,22,42,19,22,41,"2-5,1-0","2-2,0-1",12/01/12,Win,No Attendence Recorded,No Location Recorded,1:00 PM,A,92,7:03,,,,,"MISS 3PTR by CHAUVIN,JAMIE",,,"MISS 3PTR by CHAUVIN,JAMIE",1,three pointer,missed,sewanee,jamie chauvin,,423
93,7,sewanee,Centre,Sewanee,42-41,42,41,"20, 22, 42","19, 22, 41",20,22,42,19,22,41,"2-5,1-0","2-2,0-1",12/01/12,Win,No Attendence Recorded,No Location Recorded,1:00 PM,A,93,--,"REBOUND DEF by BENHAM,CHELSEA",,,,,,,"REBOUND DEF by BENHAM,CHELSEA",1,defensive rebound,,Centre,chelsea benham,,
94,7,sewanee,Centre,Sewanee,42-41,42,41,"20, 22, 42","19, 22, 41",20,22,42,19,22,41,"2-5,1-0","2-2,0-1",12/01/12,Win,No Attendence Recorded,No Location Recorded,1:00 PM,A,94,6:41,"TURNOVER  by BENHAM,CHELSEA",,,,,,,"TURNOVER  by BENHAM,CHELSEA",1,turnover,,Centre,chelsea benham,,401
95,7,sewanee,Centre,Sewanee,42-41,42,41,"20, 22, 42","19, 22, 41",20,22,42,19,22,41,"2-5,1-0","2-2,0-1",12/01/12,Win,No Attendence Recorded,No Location Recorded,1:00 PM,A,95,6:38,,,,,"STEAL  by MCDONOUGH,HALEY",,,"STEAL  by MCDONOUGH,HALEY",1,steal,,sewanee,,,398
96,7,sewanee,Centre,Sewanee,42-41,42,41,"20, 22, 42","19, 22, 41",20,22,42,19,22,41,"2-5,1-0","2-2,0-1",12/01/12,Win,No Attendence Recorded,No Location Recorded,1:00 PM,A,96,6:28,,,,,"TURNOVER  by CHAUVIN,JAMIE",,,"TURNOVER  by CHAUVIN,JAMIE",1,turnover,,sewanee,jamie chauvin,,388
97,7,sewanee,Centre,Sewanee,42-41,42,41,"20, 22, 42","19, 22, 41",20,22,42,19,22,41,"2-5,1-0","2-2,0-1",12/01/12,Win,No Attendence Recorded,No Location Recorded,1:00 PM,A,97,6:18,"MISS 3PTR by HARTLAGE,MAGGIE",,,,,,,"MISS 3PTR by HARTLAGE,MAGGIE",1,three pointer,missed,Centre,maggie hartlage,,378
98,7,sewanee,Centre,Sewanee,42-41,42,41,"20, 22, 42","19, 22, 41",20,22,42,19,22,41,"2-5,1-0","2-2,0-1",12/01/12,Win,No Attendence Recorded,No Location Recorded,1:00 PM,A,98,--,"REBOUND OFF by MOORE,HILLARY",,,,,,,"REBOUND OFF by MOORE,HILLARY",1,offensive rebound,,Centre,hillary moore,,
99,7,sewanee,Centre,Sewanee,42-41,42,41,"20, 22, 42","19, 22, 41",20,22,42,19,22,41,"2-5,1-0","2-2,0-1",12/01/12,Win,No Attendence Recorded,No Location Recorded,1:00 PM,A,99,6:06,"GOOD 3PTR by WINSTEAD,MARY",18 (+7),,11,,CENTRE 18-11 (+7),,"GOOD 3PTR by WINSTEAD,MARY",1,three pointer,good,Centre,mary winstead,3,366
100,7,sewanee,Centre,Sewanee,42-41,42,41,"20, 22, 42","19, 22, 41",20,22,42,19,22,41,"2-5,1-0","2-2,0-1",12/01/12,Win,No Attendence Recorded,No Location Recorded,1:00 PM,A,100,--,"ASSIST  by GUY,ALANNA",,,,,,,"ASSIST  by GUY,ALANNA",1,assist,,Centre,alanna guy,,
101,7,sewanee,Centre,Sewanee,42-41,42,41,"20, 22, 42","19, 22, 41",20,22,42,19,22,41,"2-5,1-0","2-2,0-1",12/01/12,Win,No Attendence Recorded,No Location Recorded,1:00 PM,A,101,5:52,"FOUL  by BENHAM,CHELSEA",,,,,,,"FOUL  by BENHAM,CHELSEA",1,foul,,Centre,chelsea benham,,352
102,7,sewanee,Centre,Sewanee,42-41,42,41,"20, 22, 42","19, 22, 41",20,22,42,19,22,41,"2-5,1-0","2-2,0-1",12/01/12,Win,No Attendence Recorded,No Location Recorded,1:00 PM,A,102,5:50,,,,,"TURNOVER  by BRADFORD,DEE",,,"TURNOVER  by BRADFORD,DEE",1,turnover,,sewanee,dee bradford,,350
103,7,sewanee,Centre,Sewanee,42-41,42,41,"20, 22, 42","19, 22, 41",20,22,42,19,22,41,"2-5,1-0","2-2,0-1",12/01/12,Win,No Attendence Recorded,No Location Recorded,1:00 PM,A,103,5:37,"GOOD JUMPER by BAECHLE,PAIGE(in the paint)",20 (+9),,11,,CENTRE 20-11 (+9),,"GOOD JUMPER by BAECHLE,PAIGE(in the paint)",1,jumper,good,Centre,paige baechle,2,337
104,7,sewanee,Centre,Sewanee,42-41,42,41,"20, 22, 42","19, 22, 41",20,22,42,19,22,41,"2-5,1-0","2-2,0-1",12/01/12,Win,No Attendence Recorded,No Location Recorded,1:00 PM,A,104,5:22,,,,,"MISS 3PTR by SAMOCIUK,JAMIE",,,"MISS 3PTR by SAMOCIUK,JAMIE",1,three pointer,missed,sewanee,jamie samociuk,,322
105,7,sewanee,Centre,Sewanee,42-41,42,41,"20, 22, 42","19, 22, 41",20,22,42,19,22,41,"2-5,1-0","2-2,0-1",12/01/12,Win,No Attendence Recorded,No Location Recorded,1:00 PM,A,105,--,,,,,"REBOUND OFF by BRADFORD,DEE",,,"REBOUND OFF by BRADFORD,DEE",1,offensive rebound,,sewanee,dee bradford,,
106,7,sewanee,Centre,Sewanee,42-41,42,41,"20, 22, 42","19, 22, 41",20,22,42,19,22,41,"2-5,1-0","2-2,0-1",12/01/12,Win,No Attendence Recorded,No Location Recorded,1:00 PM,A,106,5:07,,,,,"TURNOVER  by BRADFORD,DEE",,,"TURNOVER  by BRADFORD,DEE",1,turnover,,sewanee,dee bradford,,307
107,7,sewanee,Centre,Sewanee,42-41,42,41,"20, 22, 42","19, 22, 41",20,22,42,19,22,41,"2-5,1-0","2-2,0-1",12/01/12,Win,No Attendence Recorded,No Location Recorded,1:00 PM,A,107,5:05,"STEAL  by HARTLAGE,MAGGIE",,,,,,,"STEAL  by HARTLAGE,MAGGIE",1,steal,,Centre,,,305
108,7,sewanee,Centre,Sewanee,42-41,42,41,"20, 22, 42","19, 22, 41",20,22,42,19,22,41,"2-5,1-0","2-2,0-1",12/01/12,Win,No Attendence Recorded,No Location Recorded,1:00 PM,A,108,4:45,"MISS JUMPER by BAECHLE,PAIGE",,,,,,,"MISS JUMPER by BAECHLE,PAIGE",1,jumper,missed,Centre,paige baechle,,285
109,7,sewanee,Centre,Sewanee,42-41,42,41,"20, 22, 42","19, 22, 41",20,22,42,19,22,41,"2-5,1-0","2-2,0-1",12/01/12,Win,No Attendence Recorded,No Location Recorded,1:00 PM,A,109,--,,,,,"REBOUND DEF by SAMOCIUK,JAMIE",,,"REBOUND DEF by SAMOCIUK,JAMIE",1,defensive rebound,,sewanee,jamie samociuk,,
110,7,sewanee,Centre,Sewanee,42-41,42,41,"20, 22, 42","19, 22, 41",20,22,42,19,22,41,"2-5,1-0","2-2,0-1",12/01/12,Win,No Attendence Recorded,No Location Recorded,1:00 PM,A,110,4:18,"FOUL  by BAECHLE,PAIGE",,,,,,,"FOUL  by BAECHLE,PAIGE",1,foul,,Centre,paige baechle,,258
111,7,sewanee,Centre,Sewanee,42-41,42,41,"20, 22, 42","19, 22, 41",20,22,42,19,22,41,"2-5,1-0","2-2,0-1",12/01/12,Win,No Attendence Recorded,No Location Recorded,1:00 PM,A,111,4:18,,20 (+8),,12,"GOOD FT by SEWELL,KAYLA",SEWANEE 20-12 (+8),,"GOOD FT by SEWELL,KAYLA",1,free throw,good,sewanee,kayla sewell,1,258
112,7,sewanee,Centre,Sewanee,42-41,42,41,"20, 22, 42","19, 22, 41",20,22,42,19,22,41,"2-5,1-0","2-2,0-1",12/01/12,Win,No Attendence Recorded,No Location Recorded,1:00 PM,A,112,4:18,,20 (+7),,13,"GOOD FT by SEWELL,KAYLA",SEWANEE 20-13 (+7),,"GOOD FT by SEWELL,KAYLA",1,free throw,good,sewanee,kayla sewell,1,258
113,7,sewanee,Centre,Sewanee,42-41,42,41,"20, 22, 42","19, 22, 41",20,22,42,19,22,41,"2-5,1-0","2-2,0-1",12/01/12,Win,No Attendence Recorded,No Location Recorded,1:00 PM,A,113,3:53,"TURNOVER  by HARTLAGE,MAGGIE",,,,,,,"TURNOVER  by HARTLAGE,MAGGIE",1,turnover,,Centre,maggie hartlage,,233
114,7,sewanee,Centre,Sewanee,42-41,42,41,"20, 22, 42","19, 22, 41",20,22,42,19,22,41,"2-5,1-0","2-2,0-1",12/01/12,Win,No Attendence Recorded,No Location Recorded,1:00 PM,A,114,3:51,,,,,"STEAL  by SEWELL,KAYLA",,,"STEAL  by SEWELL,KAYLA",1,steal,,sewanee,,,231
115,7,sewanee,Centre,Sewanee,42-41,42,41,"20, 22, 42","19, 22, 41",20,22,42,19,22,41,"2-5,1-0","2-2,0-1",12/01/12,Win,No Attendence Recorded,No Location Recorded,1:00 PM,A,115,3:25,,,,,"MISS 3PTR by MEDLEY,CLARISSA",,,"MISS 3PTR by MEDLEY,CLARISSA",1,three pointer,missed,sewanee,clarissa medley,,205
116,7,sewanee,Centre,Sewanee,42-41,42,41,"20, 22, 42","19, 22, 41",20,22,42,19,22,41,"2-5,1-0","2-2,0-1",12/01/12,Win,No Attendence Recorded,No Location Recorded,1:00 PM,A,116,3:25,"BLOCK  by HARTLAGE,MAGGIE",,,,,,,"BLOCK  by HARTLAGE,MAGGIE",1,block,,Centre,maggie hartlage,,205
117,7,sewanee,Centre,Sewanee,42-41,42,41,"20, 22, 42","19, 22, 41",20,22,42,19,22,41,"2-5,1-0","2-2,0-1",12/01/12,Win,No Attendence Recorded,No Location Recorded,1:00 PM,A,117,--,"REBOUND DEF by HARTLAGE,MAGGIE",,,,,,,"REBOUND DEF by HARTLAGE,MAGGIE",1,defensive rebound,,Centre,maggie hartlage,,
118,7,sewanee,Centre,Sewanee,42-41,42,41,"20, 22, 42","19, 22, 41",20,22,42,19,22,41,"2-5,1-0","2-2,0-1",12/01/12,Win,No Attendence Recorded,No Location Recorded,1:00 PM,A,118,3:18,"TURNOVER  by HARTLAGE,MAGGIE",,,,,,,"TURNOVER  by HARTLAGE,MAGGIE",1,turnover,,Centre,maggie hartlage,,198
119,7,sewanee,Centre,Sewanee,42-41,42,41,"20, 22, 42","19, 22, 41",20,22,42,19,22,41,"2-5,1-0","2-2,0-1",12/01/12,Win,No Attendence Recorded,No Location Recorded,1:00 PM,A,119,2:56,,20 (+5),,15,"GOOD JUMPER by SEWELL,KAYLA",SEWANEE 20-15 (+5),,"GOOD JUMPER by SEWELL,KAYLA",1,jumper,good,sewanee,kayla sewell,2,176
120,7,sewanee,Centre,Sewanee,42-41,42,41,"20, 22, 42","19, 22, 41",20,22,42,19,22,41,"2-5,1-0","2-2,0-1",12/01/12,Win,No Attendence Recorded,No Location Recorded,1:00 PM,A,120,2:39,,,,,"FOUL  by BRADFORD,DEE",,,"FOUL  by BRADFORD,DEE",1,foul,,sewanee,dee bradford,,159
121,7,sewanee,Centre,Sewanee,42-41,42,41,"20, 22, 42","19, 22, 41",20,22,42,19,22,41,"2-5,1-0","2-2,0-1",12/01/12,Win,No Attendence Recorded,No Location Recorded,1:00 PM,A,121,2:16,"MISS JUMPER by STOUGH,MARY",,,,,,,"MISS JUMPER by STOUGH,MARY",1,jumper,missed,Centre,mary stough,,136
122,7,sewanee,Centre,Sewanee,42-41,42,41,"20, 22, 42","19, 22, 41",20,22,42,19,22,41,"2-5,1-0","2-2,0-1",12/01/12,Win,No Attendence Recorded,No Location Recorded,1:00 PM,A,122,2:16,,,,,"BLOCK  by SEWELL,KAYLA",,,"BLOCK  by SEWELL,KAYLA",1,block,,sewanee,kayla sewell,,136
123,7,sewanee,Centre,Sewanee,42-41,42,41,"20, 22, 42","19, 22, 41",20,22,42,19,22,41,"2-5,1-0","2-2,0-1",12/01/12,Win,No Attendence Recorded,No Location Recorded,1:00 PM,A,123,--,,,,,"REBOUND DEF by MEDLEY,CLARISSA",,,"REBOUND DEF by MEDLEY,CLARISSA",1,defensive rebound,,sewanee,clarissa medley,,
124,7,sewanee,Centre,Sewanee,42-41,42,41,"20, 22, 42","19, 22, 41",20,22,42,19,22,41,"2-5,1-0","2-2,0-1",12/01/12,Win,No Attendence Recorded,No Location Recorded,1:00 PM,A,124,2:02,"FOUL  by GUY,ALANNA",,,,,,,"FOUL  by GUY,ALANNA",1,foul,,Centre,alanna guy,,122
125,7,sewanee,Centre,Sewanee,42-41,42,41,"20, 22, 42","19, 22, 41",20,22,42,19,22,41,"2-5,1-0","2-2,0-1",12/01/12,Win,No Attendence Recorded,No Location Recorded,1:00 PM,A,125,1:56,"FOUL  by GUY,ALEXIS",,,,,,,"FOUL  by GUY,ALEXIS",1,foul,,Centre,alexis guy,,116
126,7,sewanee,Centre,Sewanee,42-41,42,41,"20, 22, 42","19, 22, 41",20,22,42,19,22,41,"2-5,1-0","2-2,0-1",12/01/12,Win,No Attendence Recorded,No Location Recorded,1:00 PM,A,126,1:56,,20 (+4),,16,"GOOD FT by JONES,MCKENZIE",SEWANEE 20-16 (+4),,"GOOD FT by JONES,MCKENZIE",1,free throw,good,sewanee,mckenzie jones,1,116
127,7,sewanee,Centre,Sewanee,42-41,42,41,"20, 22, 42","19, 22, 41",20,22,42,19,22,41,"2-5,1-0","2-2,0-1",12/01/12,Win,No Attendence Recorded,No Location Recorded,1:00 PM,A,127,1:56,,20 (+3),,17,"GOOD FT by JONES,MCKENZIE",SEWANEE 20-17 (+3),,"GOOD FT by JONES,MCKENZIE",1,free throw,good,sewanee,mckenzie jones,1,116
128,7,sewanee,Centre,Sewanee,42-41,42,41,"20, 22, 42","19, 22, 41",20,22,42,19,22,41,"2-5,1-0","2-2,0-1",12/01/12,Win,No Attendence Recorded,No Location Recorded,1:00 PM,A,128,1:28,"TURNOVER  by GUY,ALEXIS",,,,,,,"TURNOVER  by GUY,ALEXIS",1,turnover,,Centre,alexis guy,,88
129,7,sewanee,Centre,Sewanee,42-41,42,41,"20, 22, 42","19, 22, 41",20,22,42,19,22,41,"2-5,1-0","2-2,0-1",12/01/12,Win,No Attendence Recorded,No Location Recorded,1:00 PM,A,129,1:14,,20 (+1),,19,"GOOD LAYUP by MCDONOUGH,HALEY(in the paint)",SEWANEE 20-19 (+1),,"GOOD LAYUP by MCDONOUGH,HALEY(in the paint)",1,layup,good,sewanee,haley mcdonough,2,74
130,7,sewanee,Centre,Sewanee,42-41,42,41,"20, 22, 42","19, 22, 41",20,22,42,19,22,41,"2-5,1-0","2-2,0-1",12/01/12,Win,No Attendence Recorded,No Location Recorded,1:00 PM,A,130,1:06,"TURNOVER  by STOUGH,MARY",,,,,,,"TURNOVER  by STOUGH,MARY",1,turnover,,Centre,mary stough,,66
131,7,sewanee,Centre,Sewanee,42-41,42,41,"20, 22, 42","19, 22, 41",20,22,42,19,22,41,"2-5,1-0","2-2,0-1",12/01/12,Win,No Attendence Recorded,No Location Recorded,1:00 PM,A,131,1:01,,,,,"TURNOVER  by SAMOCIUK,JAMIE",,,"TURNOVER  by SAMOCIUK,JAMIE",1,turnover,,sewanee,jamie samociuk,,61
132,7,sewanee,Centre,Sewanee,42-41,42,41,"20, 22, 42","19, 22, 41",20,22,42,19,22,41,"2-5,1-0","2-2,0-1",12/01/12,Win,No Attendence Recorded,No Location Recorded,1:00 PM,A,132,1:01,,,,,"FOUL  by SAMOCIUK,JAMIE",,,"FOUL  by SAMOCIUK,JAMIE",1,foul,,sewanee,jamie samociuk,,61
133,7,sewanee,Centre,Sewanee,42-41,42,41,"20, 22, 42","19, 22, 41",20,22,42,19,22,41,"2-5,1-0","2-2,0-1",12/01/12,Win,No Attendence Recorded,No Location Recorded,1:00 PM,A,133,0:51,"MISS JUMPER by HARTLAGE,MAGGIE",,,,,,,"MISS JUMPER by HARTLAGE,MAGGIE",1,jumper,missed,Centre,maggie hartlage,,51
134,7,sewanee,Centre,Sewanee,42-41,42,41,"20, 22, 42","19, 22, 41",20,22,42,19,22,41,"2-5,1-0","2-2,0-1",12/01/12,Win,No Attendence Recorded,No Location Recorded,1:00 PM,A,134,--,,,,,"REBOUND DEF by SAMOCIUK,JAMIE",,,"REBOUND DEF by SAMOCIUK,JAMIE",1,defensive rebound,,sewanee,jamie samociuk,,
135,7,sewanee,Centre,Sewanee,42-41,42,41,"20, 22, 42","19, 22, 41",20,22,42,19,22,41,"2-5,1-0","2-2,0-1",12/01/12,Win,No Attendence Recorded,No Location Recorded,1:00 PM,A,135,0:34,,,,,"MISS 3PTR by MCDONOUGH,HALEY",,,"MISS 3PTR by MCDONOUGH,HALEY",1,three pointer,missed,sewanee,haley mcdonough,,34
136,7,sewanee,Centre,Sewanee,42-41,42,41,"20, 22, 42","19, 22, 41",20,22,42,19,22,41,"2-5,1-0","2-2,0-1",12/01/12,Win,No Attendence Recorded,No Location Recorded,1:00 PM,A,136,--,"REBOUND DEF by HARTLAGE,MAGGIE",,,,,,,"REBOUND DEF by HARTLAGE,MAGGIE",1,defensive rebound,,Centre,maggie hartlage,,
137,7,sewanee,Centre,Sewanee,42-41,42,41,"20, 22, 42","19, 22, 41",20,22,42,19,22,41,"2-5,1-0","2-2,0-1",12/01/12,Win,No Attendence Recorded,No Location Recorded,1:00 PM,A,137,0:12,"MISS 3PTR by WINSTEAD,BRIDGET",,,,,,,"MISS 3PTR by WINSTEAD,BRIDGET",1,three pointer,missed,Centre,bridget winstead,,12
138,7,sewanee,Centre,Sewanee,42-41,42,41,"20, 22, 42","19, 22, 41",20,22,42,19,22,41,"2-5,1-0","2-2,0-1",12/01/12,Win,No Attendence Recorded,No Location Recorded,1:00 PM,A,138,--,"REBOUND OFF by STOUGH,MARY",,,,,,,"REBOUND OFF by STOUGH,MARY",1,offensive rebound,,Centre,mary stough,,
139,7,sewanee,Centre,Sewanee,42-41,42,41,"20, 22, 42","19, 22, 41",20,22,42,19,22,41,"2-5,1-0","2-2,0-1",12/01/12,Win,No Attendence Recorded,No Location Recorded,1:00 PM,A,139,0:10,,,,,"FOUL  by SEWELL,KAYLA",,,"FOUL  by SEWELL,KAYLA",1,foul,,sewanee,kayla sewell,,10
140,7,sewanee,Centre,Sewanee,42-41,42,41,"20, 22, 42","19, 22, 41",20,22,42,19,22,41,"2-5,1-0","2-2,0-1",12/01/12,Win,No Attendence Recorded,No Location Recorded,1:00 PM,A,140,0:10,MISS FT by TEAM,,,,,,,MISS FT by TEAM,1,free throw,missed,Centre,,,10
141,7,sewanee,Centre,Sewanee,42-41,42,41,"20, 22, 42","19, 22, 41",20,22,42,19,22,41,"2-5,1-0","2-2,0-1",12/01/12,Win,No Attendence Recorded,No Location Recorded,1:00 PM,A,141,--,,,,,REBOUND DEADB by TEAM,,,REBOUND DEADB by TEAM,1,deadball rebound,,Centre,,,
142,7,sewanee,Centre,Sewanee,42-41,42,41,"20, 22, 42","19, 22, 41",20,22,42,19,22,41,"2-5,1-0","2-2,0-1",12/01/12,Win,No Attendence Recorded,No Location Recorded,1:00 PM,A,142,Start Period 2,,,,,,,,,2,,,,,,
143,7,sewanee,Centre,Sewanee,42-41,42,41,"20, 22, 42","19, 22, 41",20,22,42,19,22,41,"2-5,1-0","2-2,0-1",12/01/12,Win,No Attendence Recorded,No Location Recorded,1:00 PM,A,143,19:56,,20,,21 (+1),"GOOD LAYUP by SEWELL,KAYLA(in the paint)",SEWANEE 20-21 (-1),,"GOOD LAYUP by SEWELL,KAYLA(in the paint)",2,layup,good,sewanee,kayla sewell,2,1196
144,7,sewanee,Centre,Sewanee,42-41,42,41,"20, 22, 42","19, 22, 41",20,22,42,19,22,41,"2-5,1-0","2-2,0-1",12/01/12,Win,No Attendence Recorded,No Location Recorded,1:00 PM,A,144,19:49,"MISS JUMPER by BENHAM,CHELSEA",,,,,,,"MISS JUMPER by BENHAM,CHELSEA",2,jumper,missed,Centre,chelsea benham,,1189
145,7,sewanee,Centre,Sewanee,42-41,42,41,"20, 22, 42","19, 22, 41",20,22,42,19,22,41,"2-5,1-0","2-2,0-1",12/01/12,Win,No Attendence Recorded,No Location Recorded,1:00 PM,A,145,--,"REBOUND OFF by BENHAM,CHELSEA",,,,,,,"REBOUND OFF by BENHAM,CHELSEA",2,offensive rebound,,Centre,chelsea benham,,
146,7,sewanee,Centre,Sewanee,42-41,42,41,"20, 22, 42","19, 22, 41",20,22,42,19,22,41,"2-5,1-0","2-2,0-1",12/01/12,Win,No Attendence Recorded,No Location Recorded,1:00 PM,A,146,19:44,"GOOD LAYUP by BENHAM,CHELSEA(in the paint)",22 (+1),,21,,CENTRE 22-21 (+1),,"GOOD LAYUP by BENHAM,CHELSEA(in the paint)",2,layup,good,Centre,chelsea benham,2,1184
147,7,sewanee,Centre,Sewanee,42-41,42,41,"20, 22, 42","19, 22, 41",20,22,42,19,22,41,"2-5,1-0","2-2,0-1",12/01/12,Win,No Attendence Recorded,No Location Recorded,1:00 PM,A,147,19:33,,,,,"MISS LAYUP by JONES,MCKENZIE",,,"MISS LAYUP by JONES,MCKENZIE",2,layup,missed,sewanee,mckenzie jones,,1173
148,7,sewanee,Centre,Sewanee,42-41,42,41,"20, 22, 42","19, 22, 41",20,22,42,19,22,41,"2-5,1-0","2-2,0-1",12/01/12,Win,No Attendence Recorded,No Location Recorded,1:00 PM,A,148,--,"REBOUND DEF by BAECHLE,PAIGE",,,,,,,"REBOUND DEF by BAECHLE,PAIGE",2,defensive rebound,,Centre,paige baechle,,
149,7,sewanee,Centre,Sewanee,42-41,42,41,"20, 22, 42","19, 22, 41",20,22,42,19,22,41,"2-5,1-0","2-2,0-1",12/01/12,Win,No Attendence Recorded,No Location Recorded,1:00 PM,A,149,19:22,"TURNOVER  by BAECHLE,PAIGE",,,,,,,"TURNOVER  by BAECHLE,PAIGE",2,turnover,,Centre,paige baechle,,1162
150,7,sewanee,Centre,Sewanee,42-41,42,41,"20, 22, 42","19, 22, 41",20,22,42,19,22,41,"2-5,1-0","2-2,0-1",12/01/12,Win,No Attendence Recorded,No Location Recorded,1:00 PM,A,150,19:18,,22,,23 (+1),"GOOD JUMPER by LOWE,PAIGE",SEWANEE 22-23 (-1),,"GOOD JUMPER by LOWE,PAIGE",2,jumper,good,sewanee,paige lowe,2,1158
151,7,sewanee,Centre,Sewanee,42-41,42,41,"20, 22, 42","19, 22, 41",20,22,42,19,22,41,"2-5,1-0","2-2,0-1",12/01/12,Win,No Attendence Recorded,No Location Recorded,1:00 PM,A,151,19:04,"MISS JUMPER by MIRE,JENNA",,,,,,,"MISS JUMPER by MIRE,JENNA",2,jumper,missed,Centre,jenna mire,,1144
152,7,sewanee,Centre,Sewanee,42-41,42,41,"20, 22, 42","19, 22, 41",20,22,42,19,22,41,"2-5,1-0","2-2,0-1",12/01/12,Win,No Attendence Recorded,No Location Recorded,1:00 PM,A,152,--,,,,,"REBOUND DEF by LOWE,PAIGE",,,"REBOUND DEF by LOWE,PAIGE",2,defensive rebound,,sewanee,paige lowe,,
153,7,sewanee,Centre,Sewanee,42-41,42,41,"20, 22, 42","19, 22, 41",20,22,42,19,22,41,"2-5,1-0","2-2,0-1",12/01/12,Win,No Attendence Recorded,No Location Recorded,1:00 PM,A,153,18:43,"FOUL  by WINSTEAD,BRIDGET",,,,,,,"FOUL  by WINSTEAD,BRIDGET",2,foul,,Centre,bridget winstead,,1123
154,7,sewanee,Centre,Sewanee,42-41,42,41,"20, 22, 42","19, 22, 41",20,22,42,19,22,41,"2-5,1-0","2-2,0-1",12/01/12,Win,No Attendence Recorded,No Location Recorded,1:00 PM,A,154,18:05,,,,,"MISS 3PTR by JONES,MCKENZIE",,,"MISS 3PTR by JONES,MCKENZIE",2,three pointer,missed,sewanee,mckenzie jones,,1085
155,7,sewanee,Centre,Sewanee,42-41,42,41,"20, 22, 42","19, 22, 41",20,22,42,19,22,41,"2-5,1-0","2-2,0-1",12/01/12,Win,No Attendence Recorded,No Location Recorded,1:00 PM,A,155,--,"REBOUND DEF by BENHAM,CHELSEA",,,,,,,"REBOUND DEF by BENHAM,CHELSEA",2,defensive rebound,,Centre,chelsea benham,,
156,7,sewanee,Centre,Sewanee,42-41,42,41,"20, 22, 42","19, 22, 41",20,22,42,19,22,41,"2-5,1-0","2-2,0-1",12/01/12,Win,No Attendence Recorded,No Location Recorded,1:00 PM,A,156,17:44,"TURNOVER  by BENHAM,CHELSEA",,,,,,,"TURNOVER  by BENHAM,CHELSEA",2,turnover,,Centre,chelsea benham,,1064
157,7,sewanee,Centre,Sewanee,42-41,42,41,"20, 22, 42","19, 22, 41",20,22,42,19,22,41,"2-5,1-0","2-2,0-1",12/01/12,Win,No Attendence Recorded,No Location Recorded,1:00 PM,A,157,17:07,,,,,TURNOVER  by TEAM,,,TURNOVER  by TEAM,2,turnover,,Centre,,,1027
158,7,sewanee,Centre,Sewanee,42-41,42,41,"20, 22, 42","19, 22, 41",20,22,42,19,22,41,"2-5,1-0","2-2,0-1",12/01/12,Win,No Attendence Recorded,No Location Recorded,1:00 PM,A,158,16:41,"TURNOVER  by MOORE,HILLARY",,,,,,,"TURNOVER  by MOORE,HILLARY",2,turnover,,Centre,hillary moore,,1001
159,7,sewanee,Centre,Sewanee,42-41,42,41,"20, 22, 42","19, 22, 41",20,22,42,19,22,41,"2-5,1-0","2-2,0-1",12/01/12,Win,No Attendence Recorded,No Location Recorded,1:00 PM,A,159,16:41,"FOUL  by MOORE,HILLARY",,,,,,,"FOUL  by MOORE,HILLARY",2,foul,,Centre,hillary moore,,1001
160,7,sewanee,Centre,Sewanee,42-41,42,41,"20, 22, 42","19, 22, 41",20,22,42,19,22,41,"2-5,1-0","2-2,0-1",12/01/12,Win,No Attendence Recorded,No Location Recorded,1:00 PM,A,160,16:21,"FOUL  by WINSTEAD,BRIDGET",,,,,,,"FOUL  by WINSTEAD,BRIDGET",2,foul,,Centre,bridget winstead,,981
161,7,sewanee,Centre,Sewanee,42-41,42,41,"20, 22, 42","19, 22, 41",20,22,42,19,22,41,"2-5,1-0","2-2,0-1",12/01/12,Win,No Attendence Recorded,No Location Recorded,1:00 PM,A,161,16:20,,22,,24 (+2),"GOOD FT by MEDLEY,CLARISSA",SEWANEE 22-24 (-2),,"GOOD FT by MEDLEY,CLARISSA",2,free throw,good,sewanee,clarissa medley,1,980
162,7,sewanee,Centre,Sewanee,42-41,42,41,"20, 22, 42","19, 22, 41",20,22,42,19,22,41,"2-5,1-0","2-2,0-1",12/01/12,Win,No Attendence Recorded,No Location Recorded,1:00 PM,A,162,16:20,,22,,25 (+3),"GOOD FT by MEDLEY,CLARISSA",SEWANEE 22-25 (-3),,"GOOD FT by MEDLEY,CLARISSA",2,free throw,good,sewanee,clarissa medley,1,980
163,7,sewanee,Centre,Sewanee,42-41,42,41,"20, 22, 42","19, 22, 41",20,22,42,19,22,41,"2-5,1-0","2-2,0-1",12/01/12,Win,No Attendence Recorded,No Location Recorded,1:00 PM,A,163,16:05,"GOOD JUMPER by BENHAM,CHELSEA(in the paint)",24,,25 (+1),,CENTRE 24-25 (-1),,"GOOD JUMPER by BENHAM,CHELSEA(in the paint)",2,jumper,good,Centre,chelsea benham,2,965
164,7,sewanee,Centre,Sewanee,42-41,42,41,"20, 22, 42","19, 22, 41",20,22,42,19,22,41,"2-5,1-0","2-2,0-1",12/01/12,Win,No Attendence Recorded,No Location Recorded,1:00 PM,A,164,--,"ASSIST  by MOORE,HILLARY",,,,,,,"ASSIST  by MOORE,HILLARY",2,assist,,Centre,hillary moore,,
165,7,sewanee,Centre,Sewanee,42-41,42,41,"20, 22, 42","19, 22, 41",20,22,42,19,22,41,"2-5,1-0","2-2,0-1",12/01/12,Win,No Attendence Recorded,No Location Recorded,1:00 PM,A,165,16:00,,,,,"FOUL  by LOWE,PAIGE",,,"FOUL  by LOWE,PAIGE",2,foul,,sewanee,paige lowe,,960
166,7,sewanee,Centre,Sewanee,42-41,42,41,"20, 22, 42","19, 22, 41",20,22,42,19,22,41,"2-5,1-0","2-2,0-1",12/01/12,Win,No Attendence Recorded,No Location Recorded,1:00 PM,A,166,16:00,"GOOD FT by BENHAM,CHELSEA",25,,25,,CENTRE 25-25 (0),,"GOOD FT by BENHAM,CHELSEA",2,free throw,good,Centre,chelsea benham,1,960
167,7,sewanee,Centre,Sewanee,42-41,42,41,"20, 22, 42","19, 22, 41",20,22,42,19,22,41,"2-5,1-0","2-2,0-1",12/01/12,Win,No Attendence Recorded,No Location Recorded,1:00 PM,A,167,15:38,,25,,27 (+2),"GOOD LAYUP by SEWELL,KAYLA(in the paint)",SEWANEE 25-27 (-2),,"GOOD LAYUP by SEWELL,KAYLA(in the paint)",2,layup,good,sewanee,kayla sewell,2,938
168,7,sewanee,Centre,Sewanee,42-41,42,41,"20, 22, 42","19, 22, 41",20,22,42,19,22,41,"2-5,1-0","2-2,0-1",12/01/12,Win,No Attendence Recorded,No Location Recorded,1:00 PM,A,168,--,,,,,"ASSIST  by MEDLEY,CLARISSA",,,"ASSIST  by MEDLEY,CLARISSA",2,assist,,sewanee,clarissa medley,,
169,7,sewanee,Centre,Sewanee,42-41,42,41,"20, 22, 42","19, 22, 41",20,22,42,19,22,41,"2-5,1-0","2-2,0-1",12/01/12,Win,No Attendence Recorded,No Location Recorded,1:00 PM,A,169,15:17,"TURNOVER  by BENHAM,CHELSEA",,,,,,,"TURNOVER  by BENHAM,CHELSEA",2,turnover,,Centre,chelsea benham,,917
170,7,sewanee,Centre,Sewanee,42-41,42,41,"20, 22, 42","19, 22, 41",20,22,42,19,22,41,"2-5,1-0","2-2,0-1",12/01/12,Win,No Attendence Recorded,No Location Recorded,1:00 PM,A,170,15:15,,,,,"STEAL  by SEWELL,KAYLA",,,"STEAL  by SEWELL,KAYLA",2,steal,,sewanee,,,915
171,7,sewanee,Centre,Sewanee,42-41,42,41,"20, 22, 42","19, 22, 41",20,22,42,19,22,41,"2-5,1-0","2-2,0-1",12/01/12,Win,No Attendence Recorded,No Location Recorded,1:00 PM,A,171,15:02,,25,,30 (+5),"GOOD 3PTR by MEDLEY,CLARISSA",SEWANEE 25-30 (-5),,"GOOD 3PTR by MEDLEY,CLARISSA",2,three pointer,good,sewanee,clarissa medley,3,902
172,7,sewanee,Centre,Sewanee,42-41,42,41,"20, 22, 42","19, 22, 41",20,22,42,19,22,41,"2-5,1-0","2-2,0-1",12/01/12,Win,No Attendence Recorded,No Location Recorded,1:00 PM,A,172,--,,,,,"ASSIST  by SEWELL,KAYLA",,,"ASSIST  by SEWELL,KAYLA",2,assist,,sewanee,kayla sewell,,
173,7,sewanee,Centre,Sewanee,42-41,42,41,"20, 22, 42","19, 22, 41",20,22,42,19,22,41,"2-5,1-0","2-2,0-1",12/01/12,Win,No Attendence Recorded,No Location Recorded,1:00 PM,A,173,14:48,TIMEOUT 20SEC by TEAM,,,,,,,TIMEOUT 20SEC by TEAM,2,timeout,,Centre,,,888
174,7,sewanee,Centre,Sewanee,42-41,42,41,"20, 22, 42","19, 22, 41",20,22,42,19,22,41,"2-5,1-0","2-2,0-1",12/01/12,Win,No Attendence Recorded,No Location Recorded,1:00 PM,A,174,14:46,"MISS 3PTR by WINSTEAD,BRIDGET",,,,,,,"MISS 3PTR by WINSTEAD,BRIDGET",2,three pointer,missed,Centre,bridget winstead,,886
175,7,sewanee,Centre,Sewanee,42-41,42,41,"20, 22, 42","19, 22, 41",20,22,42,19,22,41,"2-5,1-0","2-2,0-1",12/01/12,Win,No Attendence Recorded,No Location Recorded,1:00 PM,A,175,--,"REBOUND OFF by STOUGH,MARY",,,,,,,"REBOUND OFF by STOUGH,MARY",2,offensive rebound,,Centre,mary stough,,
176,7,sewanee,Centre,Sewanee,42-41,42,41,"20, 22, 42","19, 22, 41",20,22,42,19,22,41,"2-5,1-0","2-2,0-1",12/01/12,Win,No Attendence Recorded,No Location Recorded,1:00 PM,A,176,14:40,"TURNOVER  by MOORE,HILLARY",,,,,,,"TURNOVER  by MOORE,HILLARY",2,turnover,,Centre,hillary moore,,880
177,7,sewanee,Centre,Sewanee,42-41,42,41,"20, 22, 42","19, 22, 41",20,22,42,19,22,41,"2-5,1-0","2-2,0-1",12/01/12,Win,No Attendence Recorded,No Location Recorded,1:00 PM,A,177,14:17,,,,,"MISS 3PTR by LOWE,PAIGE",,,"MISS 3PTR by LOWE,PAIGE",2,three pointer,missed,sewanee,paige lowe,,857
178,7,sewanee,Centre,Sewanee,42-41,42,41,"20, 22, 42","19, 22, 41",20,22,42,19,22,41,"2-5,1-0","2-2,0-1",12/01/12,Win,No Attendence Recorded,No Location Recorded,1:00 PM,A,178,--,"REBOUND DEF by BAECHLE,PAIGE",,,,,,,"REBOUND DEF by BAECHLE,PAIGE",2,defensive rebound,,Centre,paige baechle,,
179,7,sewanee,Centre,Sewanee,42-41,42,41,"20, 22, 42","19, 22, 41",20,22,42,19,22,41,"2-5,1-0","2-2,0-1",12/01/12,Win,No Attendence Recorded,No Location Recorded,1:00 PM,A,179,14:09,"MISS 3PTR by MOORE,HILLARY",,,,,,,"MISS 3PTR by MOORE,HILLARY",2,three pointer,missed,Centre,hillary moore,,849
180,7,sewanee,Centre,Sewanee,42-41,42,41,"20, 22, 42","19, 22, 41",20,22,42,19,22,41,"2-5,1-0","2-2,0-1",12/01/12,Win,No Attendence Recorded,No Location Recorded,1:00 PM,A,180,--,,,,,"REBOUND DEF by JONES,MCKENZIE",,,"REBOUND DEF by JONES,MCKENZIE",2,defensive rebound,,sewanee,mckenzie jones,,
181,7,sewanee,Centre,Sewanee,42-41,42,41,"20, 22, 42","19, 22, 41",20,22,42,19,22,41,"2-5,1-0","2-2,0-1",12/01/12,Win,No Attendence Recorded,No Location Recorded,1:00 PM,A,181,13:53,,,,,"TURNOVER  by CHAUVIN,JAMIE",,,"TURNOVER  by CHAUVIN,JAMIE",2,turnover,,sewanee,jamie chauvin,,833
182,7,sewanee,Centre,Sewanee,42-41,42,41,"20, 22, 42","19, 22, 41",20,22,42,19,22,41,"2-5,1-0","2-2,0-1",12/01/12,Win,No Attendence Recorded,No Location Recorded,1:00 PM,A,182,13:51,"STEAL  by WINSTEAD,MARY",,,,,,,"STEAL  by WINSTEAD,MARY",2,steal,,Centre,,,831
183,7,sewanee,Centre,Sewanee,42-41,42,41,"20, 22, 42","19, 22, 41",20,22,42,19,22,41,"2-5,1-0","2-2,0-1",12/01/12,Win,No Attendence Recorded,No Location Recorded,1:00 PM,A,183,13:49,"GOOD LAYUP by WINSTEAD,MARY(fastbreak)(in the paint)",27,,30 (+3),,CENTRE 27-30 (-3),,"GOOD LAYUP by WINSTEAD,MARY(fastbreak)(in the paint)",2,layup,good,Centre,mary(fastbreak) winstead,2,829
184,7,sewanee,Centre,Sewanee,42-41,42,41,"20, 22, 42","19, 22, 41",20,22,42,19,22,41,"2-5,1-0","2-2,0-1",12/01/12,Win,No Attendence Recorded,No Location Recorded,1:00 PM,A,184,13:17,,,,,"MISS JUMPER by JONES,MCKENZIE",,,"MISS JUMPER by JONES,MCKENZIE",2,jumper,missed,sewanee,mckenzie jones,,797
185,7,sewanee,Centre,Sewanee,42-41,42,41,"20, 22, 42","19, 22, 41",20,22,42,19,22,41,"2-5,1-0","2-2,0-1",12/01/12,Win,No Attendence Recorded,No Location Recorded,1:00 PM,A,185,--,,,,,"REBOUND OFF by MEDLEY,CLARISSA",,,"REBOUND OFF by MEDLEY,CLARISSA",2,offensive rebound,,sewanee,clarissa medley,,
186,7,sewanee,Centre,Sewanee,42-41,42,41,"20, 22, 42","19, 22, 41",20,22,42,19,22,41,"2-5,1-0","2-2,0-1",12/01/12,Win,No Attendence Recorded,No Location Recorded,1:00 PM,A,186,13:03,,27,,32 (+5),"GOOD LAYUP by SEWELL,KAYLA(in the paint)",SEWANEE 27-32 (-5),,"GOOD LAYUP by SEWELL,KAYLA(in the paint)",2,layup,good,sewanee,kayla sewell,2,783
187,7,sewanee,Centre,Sewanee,42-41,42,41,"20, 22, 42","19, 22, 41",20,22,42,19,22,41,"2-5,1-0","2-2,0-1",12/01/12,Win,No Attendence Recorded,No Location Recorded,1:00 PM,A,187,12:44,"GOOD 3PTR by MOORE,HILLARY",30,,32 (+2),,CENTRE 30-32 (-2),,"GOOD 3PTR by MOORE,HILLARY",2,three pointer,good,Centre,hillary moore,3,764
188,7,sewanee,Centre,Sewanee,42-41,42,41,"20, 22, 42","19, 22, 41",20,22,42,19,22,41,"2-5,1-0","2-2,0-1",12/01/12,Win,No Attendence Recorded,No Location Recorded,1:00 PM,A,188,--,"ASSIST  by WINSTEAD,BRIDGET",,,,,,,"ASSIST  by WINSTEAD,BRIDGET",2,assist,,Centre,bridget winstead,,
189,7,sewanee,Centre,Sewanee,42-41,42,41,"20, 22, 42","19, 22, 41",20,22,42,19,22,41,"2-5,1-0","2-2,0-1",12/01/12,Win,No Attendence Recorded,No Location Recorded,1:00 PM,A,189,12:36,,,,,TIMEOUT 20SEC by TEAM,,,TIMEOUT 20SEC by TEAM,2,timeout,,Centre,,,756
190,7,sewanee,Centre,Sewanee,42-41,42,41,"20, 22, 42","19, 22, 41",20,22,42,19,22,41,"2-5,1-0","2-2,0-1",12/01/12,Win,No Attendence Recorded,No Location Recorded,1:00 PM,A,190,12:13,,,,,MISS 3PTR by TEAM,,,MISS 3PTR by TEAM,2,three pointer,missed,sewanee,,,733
191,7,sewanee,Centre,Sewanee,42-41,42,41,"20, 22, 42","19, 22, 41",20,22,42,19,22,41,"2-5,1-0","2-2,0-1",12/01/12,Win,No Attendence Recorded,No Location Recorded,1:00 PM,A,191,--,REBOUND DEADB by TEAM,,,,,,,REBOUND DEADB by TEAM,2,deadball rebound,,Centre,,,
192,7,sewanee,Centre,Sewanee,42-41,42,41,"20, 22, 42","19, 22, 41",20,22,42,19,22,41,"2-5,1-0","2-2,0-1",12/01/12,Win,No Attendence Recorded,No Location Recorded,1:00 PM,A,192,11:51,"MISS JUMPER by BAECHLE,PAIGE",,,,,,,"MISS JUMPER by BAECHLE,PAIGE",2,jumper,missed,Centre,paige baechle,,711
193,7,sewanee,Centre,Sewanee,42-41,42,41,"20, 22, 42","19, 22, 41",20,22,42,19,22,41,"2-5,1-0","2-2,0-1",12/01/12,Win,No Attendence Recorded,No Location Recorded,1:00 PM,A,193,--,"REBOUND OFF by BAECHLE,PAIGE",,,,,,,"REBOUND OFF by BAECHLE,PAIGE",2,offensive rebound,,Centre,paige baechle,,
194,7,sewanee,Centre,Sewanee,42-41,42,41,"20, 22, 42","19, 22, 41",20,22,42,19,22,41,"2-5,1-0","2-2,0-1",12/01/12,Win,No Attendence Recorded,No Location Recorded,1:00 PM,A,194,11:47,"MISS JUMPER by BAECHLE,PAIGE",,,,,,,"MISS JUMPER by BAECHLE,PAIGE",2,jumper,missed,Centre,paige baechle,,707
195,7,sewanee,Centre,Sewanee,42-41,42,41,"20, 22, 42","19, 22, 41",20,22,42,19,22,41,"2-5,1-0","2-2,0-1",12/01/12,Win,No Attendence Recorded,No Location Recorded,1:00 PM,A,195,--,,,,,"REBOUND DEF by MCDONOUGH,HALEY",,,"REBOUND DEF by MCDONOUGH,HALEY",2,defensive rebound,,sewanee,haley mcdonough,,
196,7,sewanee,Centre,Sewanee,42-41,42,41,"20, 22, 42","19, 22, 41",20,22,42,19,22,41,"2-5,1-0","2-2,0-1",12/01/12,Win,No Attendence Recorded,No Location Recorded,1:00 PM,A,196,11:36,,,,,"MISS LAYUP by SAMOCIUK,JAMIE",,,"MISS LAYUP by SAMOCIUK,JAMIE",2,layup,missed,sewanee,jamie samociuk,,696
197,7,sewanee,Centre,Sewanee,42-41,42,41,"20, 22, 42","19, 22, 41",20,22,42,19,22,41,"2-5,1-0","2-2,0-1",12/01/12,Win,No Attendence Recorded,No Location Recorded,1:00 PM,A,197,--,"REBOUND DEF by MOORE,HILLARY",,,,,,,"REBOUND DEF by MOORE,HILLARY",2,defensive rebound,,Centre,hillary moore,,
198,7,sewanee,Centre,Sewanee,42-41,42,41,"20, 22, 42","19, 22, 41",20,22,42,19,22,41,"2-5,1-0","2-2,0-1",12/01/12,Win,No Attendence Recorded,No Location Recorded,1:00 PM,A,198,11:20,,,,,"FOUL  by LOWE,PAIGE",,,"FOUL  by LOWE,PAIGE",2,foul,,sewanee,paige lowe,,680
199,7,sewanee,Centre,Sewanee,42-41,42,41,"20, 22, 42","19, 22, 41",20,22,42,19,22,41,"2-5,1-0","2-2,0-1",12/01/12,Win,No Attendence Recorded,No Location Recorded,1:00 PM,A,199,11:20,MISS FT by TEAM,,,,,,,MISS FT by TEAM,2,free throw,missed,Centre,,,680
200,7,sewanee,Centre,Sewanee,42-41,42,41,"20, 22, 42","19, 22, 41",20,22,42,19,22,41,"2-5,1-0","2-2,0-1",12/01/12,Win,No Attendence Recorded,No Location Recorded,1:00 PM,A,200,--,REBOUND DEADB by TEAM,,,,,,,REBOUND DEADB by TEAM,2,deadball rebound,,Centre,,,
201,7,sewanee,Centre,Sewanee,42-41,42,41,"20, 22, 42","19, 22, 41",20,22,42,19,22,41,"2-5,1-0","2-2,0-1",12/01/12,Win,No Attendence Recorded,No Location Recorded,1:00 PM,A,201,11:20,"MISS FT by BAECHLE,PAIGE",,,,,,,"MISS FT by BAECHLE,PAIGE",2,free throw,missed,Centre,paige baechle,,680
202,7,sewanee,Centre,Sewanee,42-41,42,41,"20, 22, 42","19, 22, 41",20,22,42,19,22,41,"2-5,1-0","2-2,0-1",12/01/12,Win,No Attendence Recorded,No Location Recorded,1:00 PM,A,202,--,,,,,"REBOUND DEF by MCDONOUGH,HALEY",,,"REBOUND DEF by MCDONOUGH,HALEY",2,defensive rebound,,sewanee,haley mcdonough,,
203,7,sewanee,Centre,Sewanee,42-41,42,41,"20, 22, 42","19, 22, 41",20,22,42,19,22,41,"2-5,1-0","2-2,0-1",12/01/12,Win,No Attendence Recorded,No Location Recorded,1:00 PM,A,203,11:08,,30,,35 (+5),"GOOD 3PTR by LOWE,PAIGE",SEWANEE 30-35 (-5),,"GOOD 3PTR by LOWE,PAIGE",2,three pointer,good,sewanee,paige lowe,3,668
204,7,sewanee,Centre,Sewanee,42-41,42,41,"20, 22, 42","19, 22, 41",20,22,42,19,22,41,"2-5,1-0","2-2,0-1",12/01/12,Win,No Attendence Recorded,No Location Recorded,1:00 PM,A,204,--,,,,,"ASSIST  by SEWELL,KAYLA",,,"ASSIST  by SEWELL,KAYLA",2,assist,,sewanee,kayla sewell,,
205,7,sewanee,Centre,Sewanee,42-41,42,41,"20, 22, 42","19, 22, 41",20,22,42,19,22,41,"2-5,1-0","2-2,0-1",12/01/12,Win,No Attendence Recorded,No Location Recorded,1:00 PM,A,205,10:53,"MISS 3PTR by HARTLAGE,MAGGIE",,,,,,,"MISS 3PTR by HARTLAGE,MAGGIE",2,three pointer,missed,Centre,maggie hartlage,,653
206,7,sewanee,Centre,Sewanee,42-41,42,41,"20, 22, 42","19, 22, 41",20,22,42,19,22,41,"2-5,1-0","2-2,0-1",12/01/12,Win,No Attendence Recorded,No Location Recorded,1:00 PM,A,206,--,,,,,"REBOUND DEF by LOWE,PAIGE",,,"REBOUND DEF by LOWE,PAIGE",2,defensive rebound,,sewanee,paige lowe,,
207,7,sewanee,Centre,Sewanee,42-41,42,41,"20, 22, 42","19, 22, 41",20,22,42,19,22,41,"2-5,1-0","2-2,0-1",12/01/12,Win,No Attendence Recorded,No Location Recorded,1:00 PM,A,207,10:38,,,,,"TURNOVER  by MCDONOUGH,HALEY",,,"TURNOVER  by MCDONOUGH,HALEY",2,turnover,,sewanee,haley mcdonough,,638
208,7,sewanee,Centre,Sewanee,42-41,42,41,"20, 22, 42","19, 22, 41",20,22,42,19,22,41,"2-5,1-0","2-2,0-1",12/01/12,Win,No Attendence Recorded,No Location Recorded,1:00 PM,A,208,10:15,"GOOD 3PTR by WINSTEAD,BRIDGET",33,,35 (+2),,CENTRE 33-35 (-2),,"GOOD 3PTR by WINSTEAD,BRIDGET",2,three pointer,good,Centre,bridget winstead,3,615
209,7,sewanee,Centre,Sewanee,42-41,42,41,"20, 22, 42","19, 22, 41",20,22,42,19,22,41,"2-5,1-0","2-2,0-1",12/01/12,Win,No Attendence Recorded,No Location Recorded,1:00 PM,A,209,--,"ASSIST  by STOUGH,MARY",,,,,,,"ASSIST  by STOUGH,MARY",2,assist,,Centre,mary stough,,
210,7,sewanee,Centre,Sewanee,42-41,42,41,"20, 22, 42","19, 22, 41",20,22,42,19,22,41,"2-5,1-0","2-2,0-1",12/01/12,Win,No Attendence Recorded,No Location Recorded,1:00 PM,A,210,9:54,,,,,"TURNOVER  by SAMOCIUK,JAMIE",,,"TURNOVER  by SAMOCIUK,JAMIE",2,turnover,,sewanee,jamie samociuk,,594
211,7,sewanee,Centre,Sewanee,42-41,42,41,"20, 22, 42","19, 22, 41",20,22,42,19,22,41,"2-5,1-0","2-2,0-1",12/01/12,Win,No Attendence Recorded,No Location Recorded,1:00 PM,A,211,9:51,"STEAL  by STOUGH,MARY",,,,,,,"STEAL  by STOUGH,MARY",2,steal,,Centre,,,591
212,7,sewanee,Centre,Sewanee,42-41,42,41,"20, 22, 42","19, 22, 41",20,22,42,19,22,41,"2-5,1-0","2-2,0-1",12/01/12,Win,No Attendence Recorded,No Location Recorded,1:00 PM,A,212,9:38,"TURNOVER  by WINSTEAD,MARY",,,,,,,"TURNOVER  by WINSTEAD,MARY",2,turnover,,Centre,mary winstead,,578
213,7,sewanee,Centre,Sewanee,42-41,42,41,"20, 22, 42","19, 22, 41",20,22,42,19,22,41,"2-5,1-0","2-2,0-1",12/01/12,Win,No Attendence Recorded,No Location Recorded,1:00 PM,A,213,9:38,,,,,"STEAL  by SAMOCIUK,JAMIE",,,"STEAL  by SAMOCIUK,JAMIE",2,steal,,sewanee,,,578
214,7,sewanee,Centre,Sewanee,42-41,42,41,"20, 22, 42","19, 22, 41",20,22,42,19,22,41,"2-5,1-0","2-2,0-1",12/01/12,Win,No Attendence Recorded,No Location Recorded,1:00 PM,A,214,9:19,,,,,"MISS 3PTR by BRADFORD,DEE",,,"MISS 3PTR by BRADFORD,DEE",2,three pointer,missed,sewanee,dee bradford,,559
215,7,sewanee,Centre,Sewanee,42-41,42,41,"20, 22, 42","19, 22, 41",20,22,42,19,22,41,"2-5,1-0","2-2,0-1",12/01/12,Win,No Attendence Recorded,No Location Recorded,1:00 PM,A,215,--,"REBOUND DEF by BENHAM,CHELSEA",,,,,,,"REBOUND DEF by BENHAM,CHELSEA",2,defensive rebound,,Centre,chelsea benham,,
216,7,sewanee,Centre,Sewanee,42-41,42,41,"20, 22, 42","19, 22, 41",20,22,42,19,22,41,"2-5,1-0","2-2,0-1",12/01/12,Win,No Attendence Recorded,No Location Recorded,1:00 PM,A,216,9:04,"MISS 3PTR by WINSTEAD,BRIDGET",,,,,,,"MISS 3PTR by WINSTEAD,BRIDGET",2,three pointer,missed,Centre,bridget winstead,,544
217,7,sewanee,Centre,Sewanee,42-41,42,41,"20, 22, 42","19, 22, 41",20,22,42,19,22,41,"2-5,1-0","2-2,0-1",12/01/12,Win,No Attendence Recorded,No Location Recorded,1:00 PM,A,217,--,,,,,"REBOUND DEF by SAMOCIUK,JAMIE",,,"REBOUND DEF by SAMOCIUK,JAMIE",2,defensive rebound,,sewanee,jamie samociuk,,
218,7,sewanee,Centre,Sewanee,42-41,42,41,"20, 22, 42","19, 22, 41",20,22,42,19,22,41,"2-5,1-0","2-2,0-1",12/01/12,Win,No Attendence Recorded,No Location Recorded,1:00 PM,A,218,8:39,"FOUL  by GUY,ALANNA",,,,,,,"FOUL  by GUY,ALANNA",2,foul,,Centre,alanna guy,,519
219,7,sewanee,Centre,Sewanee,42-41,42,41,"20, 22, 42","19, 22, 41",20,22,42,19,22,41,"2-5,1-0","2-2,0-1",12/01/12,Win,No Attendence Recorded,No Location Recorded,1:00 PM,A,219,8:26,,33,,38 (+5),"GOOD 3PTR by LOWE,PAIGE",SEWANEE 33-38 (-5),,"GOOD 3PTR by LOWE,PAIGE",2,three pointer,good,sewanee,paige lowe,3,506
220,7,sewanee,Centre,Sewanee,42-41,42,41,"20, 22, 42","19, 22, 41",20,22,42,19,22,41,"2-5,1-0","2-2,0-1",12/01/12,Win,No Attendence Recorded,No Location Recorded,1:00 PM,A,220,--,,,,,"ASSIST  by MEDLEY,CLARISSA",,,"ASSIST  by MEDLEY,CLARISSA",2,assist,,sewanee,clarissa medley,,
221,7,sewanee,Centre,Sewanee,42-41,42,41,"20, 22, 42","19, 22, 41",20,22,42,19,22,41,"2-5,1-0","2-2,0-1",12/01/12,Win,No Attendence Recorded,No Location Recorded,1:00 PM,A,221,7:55,"GOOD JUMPER by GUY,ALANNA",35,,38 (+3),,CENTRE 35-38 (-3),,"GOOD JUMPER by GUY,ALANNA",2,jumper,good,Centre,alanna guy,2,475
222,7,sewanee,Centre,Sewanee,42-41,42,41,"20, 22, 42","19, 22, 41",20,22,42,19,22,41,"2-5,1-0","2-2,0-1",12/01/12,Win,No Attendence Recorded,No Location Recorded,1:00 PM,A,222,7:47,,,,,TIMEOUT 20SEC by TEAM,,,TIMEOUT 20SEC by TEAM,2,timeout,,Centre,,,467
223,7,sewanee,Centre,Sewanee,42-41,42,41,"20, 22, 42","19, 22, 41",20,22,42,19,22,41,"2-5,1-0","2-2,0-1",12/01/12,Win,No Attendence Recorded,No Location Recorded,1:00 PM,A,223,7:28,"FOUL  by GUY,ALANNA",,,,,,,"FOUL  by GUY,ALANNA",2,foul,,Centre,alanna guy,,448
224,7,sewanee,Centre,Sewanee,42-41,42,41,"20, 22, 42","19, 22, 41",20,22,42,19,22,41,"2-5,1-0","2-2,0-1",12/01/12,Win,No Attendence Recorded,No Location Recorded,1:00 PM,A,224,7:13,,,,,"MISS 3PTR by CHAUVIN,JAMIE",,,"MISS 3PTR by CHAUVIN,JAMIE",2,three pointer,missed,sewanee,jamie chauvin,,433
225,7,sewanee,Centre,Sewanee,42-41,42,41,"20, 22, 42","19, 22, 41",20,22,42,19,22,41,"2-5,1-0","2-2,0-1",12/01/12,Win,No Attendence Recorded,No Location Recorded,1:00 PM,A,225,--,"REBOUND DEF by BENHAM,CHELSEA",,,,,,,"REBOUND DEF by BENHAM,CHELSEA",2,defensive rebound,,Centre,chelsea benham,,
226,7,sewanee,Centre,Sewanee,42-41,42,41,"20, 22, 42","19, 22, 41",20,22,42,19,22,41,"2-5,1-0","2-2,0-1",12/01/12,Win,No Attendence Recorded,No Location Recorded,1:00 PM,A,226,7:02,"MISS 3PTR by WINSTEAD,BRIDGET",,,,,,,"MISS 3PTR by WINSTEAD,BRIDGET",2,three pointer,missed,Centre,bridget winstead,,422
227,7,sewanee,Centre,Sewanee,42-41,42,41,"20, 22, 42","19, 22, 41",20,22,42,19,22,41,"2-5,1-0","2-2,0-1",12/01/12,Win,No Attendence Recorded,No Location Recorded,1:00 PM,A,227,--,,,,,"REBOUND DEF by SEWELL,KAYLA",,,"REBOUND DEF by SEWELL,KAYLA",2,defensive rebound,,sewanee,kayla sewell,,
228,7,sewanee,Centre,Sewanee,42-41,42,41,"20, 22, 42","19, 22, 41",20,22,42,19,22,41,"2-5,1-0","2-2,0-1",12/01/12,Win,No Attendence Recorded,No Location Recorded,1:00 PM,A,228,6:46,,,,,"MISS 3PTR by BRADFORD,DEE",,,"MISS 3PTR by BRADFORD,DEE",2,three pointer,missed,sewanee,dee bradford,,406
229,7,sewanee,Centre,Sewanee,42-41,42,41,"20, 22, 42","19, 22, 41",20,22,42,19,22,41,"2-5,1-0","2-2,0-1",12/01/12,Win,No Attendence Recorded,No Location Recorded,1:00 PM,A,229,--,"REBOUND DEF by STOUGH,MARY",,,,,,,"REBOUND DEF by STOUGH,MARY",2,defensive rebound,,Centre,mary stough,,
230,7,sewanee,Centre,Sewanee,42-41,42,41,"20, 22, 42","19, 22, 41",20,22,42,19,22,41,"2-5,1-0","2-2,0-1",12/01/12,Win,No Attendence Recorded,No Location Recorded,1:00 PM,A,230,6:32,"GOOD JUMPER by BENHAM,CHELSEA(in the paint)",37,,38 (+1),,CENTRE 37-38 (-1),,"GOOD JUMPER by BENHAM,CHELSEA(in the paint)",2,jumper,good,Centre,chelsea benham,2,392
231,7,sewanee,Centre,Sewanee,42-41,42,41,"20, 22, 42","19, 22, 41",20,22,42,19,22,41,"2-5,1-0","2-2,0-1",12/01/12,Win,No Attendence Recorded,No Location Recorded,1:00 PM,A,231,6:22,,,,,"MISS JUMPER by CHAUVIN,JAMIE",,,"MISS JUMPER by CHAUVIN,JAMIE",2,jumper,missed,sewanee,jamie chauvin,,382
232,7,sewanee,Centre,Sewanee,42-41,42,41,"20, 22, 42","19, 22, 41",20,22,42,19,22,41,"2-5,1-0","2-2,0-1",12/01/12,Win,No Attendence Recorded,No Location Recorded,1:00 PM,A,232,--,"REBOUND DEF by STOUGH,MARY",,,,,,,"REBOUND DEF by STOUGH,MARY",2,defensive rebound,,Centre,mary stough,,
233,7,sewanee,Centre,Sewanee,42-41,42,41,"20, 22, 42","19, 22, 41",20,22,42,19,22,41,"2-5,1-0","2-2,0-1",12/01/12,Win,No Attendence Recorded,No Location Recorded,1:00 PM,A,233,6:20,,,,,"FOUL  by CHAUVIN,JAMIE",,,"FOUL  by CHAUVIN,JAMIE",2,foul,,sewanee,jamie chauvin,,380
234,7,sewanee,Centre,Sewanee,42-41,42,41,"20, 22, 42","19, 22, 41",20,22,42,19,22,41,"2-5,1-0","2-2,0-1",12/01/12,Win,No Attendence Recorded,No Location Recorded,1:00 PM,A,234,5:42,TURNOVER  by TEAM,,,,,,,TURNOVER  by TEAM,2,turnover,,Centre,,,342
235,7,sewanee,Centre,Sewanee,42-41,42,41,"20, 22, 42","19, 22, 41",20,22,42,19,22,41,"2-5,1-0","2-2,0-1",12/01/12,Win,No Attendence Recorded,No Location Recorded,1:00 PM,A,235,5:18,"FOUL  by BENHAM,CHELSEA",,,,,,,"FOUL  by BENHAM,CHELSEA",2,foul,,Centre,chelsea benham,,318
236,7,sewanee,Centre,Sewanee,42-41,42,41,"20, 22, 42","19, 22, 41",20,22,42,19,22,41,"2-5,1-0","2-2,0-1",12/01/12,Win,No Attendence Recorded,No Location Recorded,1:00 PM,A,236,4:58,,,,,"MISS 3PTR by BRADFORD,DEE",,,"MISS 3PTR by BRADFORD,DEE",2,three pointer,missed,sewanee,dee bradford,,298
237,7,sewanee,Centre,Sewanee,42-41,42,41,"20, 22, 42","19, 22, 41",20,22,42,19,22,41,"2-5,1-0","2-2,0-1",12/01/12,Win,No Attendence Recorded,No Location Recorded,1:00 PM,A,237,--,"REBOUND DEF by BENHAM,CHELSEA",,,,,,,"REBOUND DEF by BENHAM,CHELSEA",2,defensive rebound,,Centre,chelsea benham,,
238,7,sewanee,Centre,Sewanee,42-41,42,41,"20, 22, 42","19, 22, 41",20,22,42,19,22,41,"2-5,1-0","2-2,0-1",12/01/12,Win,No Attendence Recorded,No Location Recorded,1:00 PM,A,238,--,"ASSIST  by WINSTEAD,MARY",,,,,,,"ASSIST  by WINSTEAD,MARY",2,assist,,Centre,mary winstead,,
239,7,sewanee,Centre,Sewanee,42-41,42,41,"20, 22, 42","19, 22, 41",20,22,42,19,22,41,"2-5,1-0","2-2,0-1",12/01/12,Win,No Attendence Recorded,No Location Recorded,1:00 PM,A,239,4:41,"GOOD JUMPER by BAECHLE,PAIGE",39 (+1),,38,,CENTRE 39-38 (+1),,"GOOD JUMPER by BAECHLE,PAIGE",2,jumper,good,Centre,paige baechle,2,281
240,7,sewanee,Centre,Sewanee,42-41,42,41,"20, 22, 42","19, 22, 41",20,22,42,19,22,41,"2-5,1-0","2-2,0-1",12/01/12,Win,No Attendence Recorded,No Location Recorded,1:00 PM,A,240,4:23,,,,,"MISS 3PTR by CHAUVIN,JAMIE",,,"MISS 3PTR by CHAUVIN,JAMIE",2,three pointer,missed,sewanee,jamie chauvin,,263
241,7,sewanee,Centre,Sewanee,42-41,42,41,"20, 22, 42","19, 22, 41",20,22,42,19,22,41,"2-5,1-0","2-2,0-1",12/01/12,Win,No Attendence Recorded,No Location Recorded,1:00 PM,A,241,--,"REBOUND DEF by MOORE,HILLARY",,,,,,,"REBOUND DEF by MOORE,HILLARY",2,defensive rebound,,Centre,hillary moore,,
242,7,sewanee,Centre,Sewanee,42-41,42,41,"20, 22, 42","19, 22, 41",20,22,42,19,22,41,"2-5,1-0","2-2,0-1",12/01/12,Win,No Attendence Recorded,No Location Recorded,1:00 PM,A,242,4:14,"TURNOVER  by HARTLAGE,MAGGIE",,,,,,,"TURNOVER  by HARTLAGE,MAGGIE",2,turnover,,Centre,maggie hartlage,,254
243,7,sewanee,Centre,Sewanee,42-41,42,41,"20, 22, 42","19, 22, 41",20,22,42,19,22,41,"2-5,1-0","2-2,0-1",12/01/12,Win,No Attendence Recorded,No Location Recorded,1:00 PM,A,243,3:55,,,,,"TURNOVER  by SEWELL,KAYLA",,,"TURNOVER  by SEWELL,KAYLA",2,turnover,,sewanee,kayla sewell,,235
244,7,sewanee,Centre,Sewanee,42-41,42,41,"20, 22, 42","19, 22, 41",20,22,42,19,22,41,"2-5,1-0","2-2,0-1",12/01/12,Win,No Attendence Recorded,No Location Recorded,1:00 PM,A,244,3:34,"MISS 3PTR by MOORE,HILLARY",,,,,,,"MISS 3PTR by MOORE,HILLARY",2,three pointer,missed,Centre,hillary moore,,214
245,7,sewanee,Centre,Sewanee,42-41,42,41,"20, 22, 42","19, 22, 41",20,22,42,19,22,41,"2-5,1-0","2-2,0-1",12/01/12,Win,No Attendence Recorded,No Location Recorded,1:00 PM,A,245,--,,,,,"REBOUND DEF by LOWE,PAIGE",,,"REBOUND DEF by LOWE,PAIGE",2,defensive rebound,,sewanee,paige lowe,,
246,7,sewanee,Centre,Sewanee,42-41,42,41,"20, 22, 42","19, 22, 41",20,22,42,19,22,41,"2-5,1-0","2-2,0-1",12/01/12,Win,No Attendence Recorded,No Location Recorded,1:00 PM,A,246,3:15,,,,,"MISS JUMPER by LOWE,PAIGE",,,"MISS JUMPER by LOWE,PAIGE",2,jumper,missed,sewanee,paige lowe,,195
247,7,sewanee,Centre,Sewanee,42-41,42,41,"20, 22, 42","19, 22, 41",20,22,42,19,22,41,"2-5,1-0","2-2,0-1",12/01/12,Win,No Attendence Recorded,No Location Recorded,1:00 PM,A,247,--,,,,,"REBOUND OFF by MEDLEY,CLARISSA",,,"REBOUND OFF by MEDLEY,CLARISSA",2,offensive rebound,,sewanee,clarissa medley,,
248,7,sewanee,Centre,Sewanee,42-41,42,41,"20, 22, 42","19, 22, 41",20,22,42,19,22,41,"2-5,1-0","2-2,0-1",12/01/12,Win,No Attendence Recorded,No Location Recorded,1:00 PM,A,248,3:10,,,,,"TURNOVER  by MEDLEY,CLARISSA",,,"TURNOVER  by MEDLEY,CLARISSA",2,turnover,,sewanee,clarissa medley,,190
249,7,sewanee,Centre,Sewanee,42-41,42,41,"20, 22, 42","19, 22, 41",20,22,42,19,22,41,"2-5,1-0","2-2,0-1",12/01/12,Win,No Attendence Recorded,No Location Recorded,1:00 PM,A,249,3:08,"STEAL  by BAECHLE,PAIGE",,,,,,,"STEAL  by BAECHLE,PAIGE",2,steal,,Centre,,,188
250,7,sewanee,Centre,Sewanee,42-41,42,41,"20, 22, 42","19, 22, 41",20,22,42,19,22,41,"2-5,1-0","2-2,0-1",12/01/12,Win,No Attendence Recorded,No Location Recorded,1:00 PM,A,250,2:59,"MISS JUMPER by BAECHLE,PAIGE",,,,,,,"MISS JUMPER by BAECHLE,PAIGE",2,jumper,missed,Centre,paige baechle,,179
251,7,sewanee,Centre,Sewanee,42-41,42,41,"20, 22, 42","19, 22, 41",20,22,42,19,22,41,"2-5,1-0","2-2,0-1",12/01/12,Win,No Attendence Recorded,No Location Recorded,1:00 PM,A,251,2:59,,,,,"BLOCK  by SEWELL,KAYLA",,,"BLOCK  by SEWELL,KAYLA",2,block,,sewanee,kayla sewell,,179
252,7,sewanee,Centre,Sewanee,42-41,42,41,"20, 22, 42","19, 22, 41",20,22,42,19,22,41,"2-5,1-0","2-2,0-1",12/01/12,Win,No Attendence Recorded,No Location Recorded,1:00 PM,A,252,--,,,,,REBOUND DEF by TEAM,,,REBOUND DEF by TEAM,2,defensive rebound,,Centre,,,
253,7,sewanee,Centre,Sewanee,42-41,42,41,"20, 22, 42","19, 22, 41",20,22,42,19,22,41,"2-5,1-0","2-2,0-1",12/01/12,Win,No Attendence Recorded,No Location Recorded,1:00 PM,A,253,2:40,,,,,"MISS 3PTR by LOWE,PAIGE",,,"MISS 3PTR by LOWE,PAIGE",2,three pointer,missed,sewanee,paige lowe,,160
254,7,sewanee,Centre,Sewanee,42-41,42,41,"20, 22, 42","19, 22, 41",20,22,42,19,22,41,"2-5,1-0","2-2,0-1",12/01/12,Win,No Attendence Recorded,No Location Recorded,1:00 PM,A,254,--,"REBOUND DEF by BENHAM,CHELSEA",,,,,,,"REBOUND DEF by BENHAM,CHELSEA",2,defensive rebound,,Centre,chelsea benham,,
255,7,sewanee,Centre,Sewanee,42-41,42,41,"20, 22, 42","19, 22, 41",20,22,42,19,22,41,"2-5,1-0","2-2,0-1",12/01/12,Win,No Attendence Recorded,No Location Recorded,1:00 PM,A,255,2:32,,,,,"FOUL  by SEWELL,KAYLA",,,"FOUL  by SEWELL,KAYLA",2,foul,,sewanee,kayla sewell,,152
256,7,sewanee,Centre,Sewanee,42-41,42,41,"20, 22, 42","19, 22, 41",20,22,42,19,22,41,"2-5,1-0","2-2,0-1",12/01/12,Win,No Attendence Recorded,No Location Recorded,1:00 PM,A,256,2:28,MISS FT by TEAM,,,,,,,MISS FT by TEAM,2,free throw,missed,Centre,,,148
257,7,sewanee,Centre,Sewanee,42-41,42,41,"20, 22, 42","19, 22, 41",20,22,42,19,22,41,"2-5,1-0","2-2,0-1",12/01/12,Win,No Attendence Recorded,No Location Recorded,1:00 PM,A,257,--,REBOUND DEADB by TEAM,,,,,,,REBOUND DEADB by TEAM,2,deadball rebound,,Centre,,,
258,7,sewanee,Centre,Sewanee,42-41,42,41,"20, 22, 42","19, 22, 41",20,22,42,19,22,41,"2-5,1-0","2-2,0-1",12/01/12,Win,No Attendence Recorded,No Location Recorded,1:00 PM,A,258,2:28,"GOOD FT by BENHAM,CHELSEA",40 (+2),,38,,CENTRE 40-38 (+2),,"GOOD FT by BENHAM,CHELSEA",2,free throw,good,Centre,chelsea benham,1,148
259,7,sewanee,Centre,Sewanee,42-41,42,41,"20, 22, 42","19, 22, 41",20,22,42,19,22,41,"2-5,1-0","2-2,0-1",12/01/12,Win,No Attendence Recorded,No Location Recorded,1:00 PM,A,259,2:03,"FOUL  by BENHAM,CHELSEA",,,,,,,"FOUL  by BENHAM,CHELSEA",2,foul,,Centre,chelsea benham,,123
260,7,sewanee,Centre,Sewanee,42-41,42,41,"20, 22, 42","19, 22, 41",20,22,42,19,22,41,"2-5,1-0","2-2,0-1",12/01/12,Win,No Attendence Recorded,No Location Recorded,1:00 PM,A,260,2:03,,,,,MISS FT by TEAM,,,MISS FT by TEAM,2,free throw,missed,Centre,,,123
261,7,sewanee,Centre,Sewanee,42-41,42,41,"20, 22, 42","19, 22, 41",20,22,42,19,22,41,"2-5,1-0","2-2,0-1",12/01/12,Win,No Attendence Recorded,No Location Recorded,1:00 PM,A,261,--,,,,,REBOUND DEADB by TEAM,,,REBOUND DEADB by TEAM,2,deadball rebound,,Centre,,,
262,7,sewanee,Centre,Sewanee,42-41,42,41,"20, 22, 42","19, 22, 41",20,22,42,19,22,41,"2-5,1-0","2-2,0-1",12/01/12,Win,No Attendence Recorded,No Location Recorded,1:00 PM,A,262,2:03,,40 (+1),,39,"GOOD FT by MCDONOUGH,HALEY",SEWANEE 40-39 (+1),,"GOOD FT by MCDONOUGH,HALEY",2,free throw,good,sewanee,haley mcdonough,1,123
263,7,sewanee,Centre,Sewanee,42-41,42,41,"20, 22, 42","19, 22, 41",20,22,42,19,22,41,"2-5,1-0","2-2,0-1",12/01/12,Win,No Attendence Recorded,No Location Recorded,1:00 PM,A,263,1:36,"MISS JUMPER by MOORE,HILLARY",,,,,,,"MISS JUMPER by MOORE,HILLARY",2,jumper,missed,Centre,hillary moore,,96
264,7,sewanee,Centre,Sewanee,42-41,42,41,"20, 22, 42","19, 22, 41",20,22,42,19,22,41,"2-5,1-0","2-2,0-1",12/01/12,Win,No Attendence Recorded,No Location Recorded,1:00 PM,A,264,1:36,,,,,"BLOCK  by SEWELL,KAYLA",,,"BLOCK  by SEWELL,KAYLA",2,block,,sewanee,kayla sewell,,96
265,7,sewanee,Centre,Sewanee,42-41,42,41,"20, 22, 42","19, 22, 41",20,22,42,19,22,41,"2-5,1-0","2-2,0-1",12/01/12,Win,No Attendence Recorded,No Location Recorded,1:00 PM,A,265,--,,,,,"REBOUND DEF by SEWELL,KAYLA",,,"REBOUND DEF by SEWELL,KAYLA",2,defensive rebound,,sewanee,kayla sewell,,
266,7,sewanee,Centre,Sewanee,42-41,42,41,"20, 22, 42","19, 22, 41",20,22,42,19,22,41,"2-5,1-0","2-2,0-1",12/01/12,Win,No Attendence Recorded,No Location Recorded,1:00 PM,A,266,1:25,,40,,41 (+1),"GOOD JUMPER by LOWE,PAIGE",SEWANEE 40-41 (-1),,"GOOD JUMPER by LOWE,PAIGE",2,jumper,good,sewanee,paige lowe,2,85
267,7,sewanee,Centre,Sewanee,42-41,42,41,"20, 22, 42","19, 22, 41",20,22,42,19,22,41,"2-5,1-0","2-2,0-1",12/01/12,Win,No Attendence Recorded,No Location Recorded,1:00 PM,A,267,--,,,,,"ASSIST  by MCDONOUGH,HALEY",,,"ASSIST  by MCDONOUGH,HALEY",2,assist,,sewanee,haley mcdonough,,
268,7,sewanee,Centre,Sewanee,42-41,42,41,"20, 22, 42","19, 22, 41",20,22,42,19,22,41,"2-5,1-0","2-2,0-1",12/01/12,Win,No Attendence Recorded,No Location Recorded,1:00 PM,A,268,1:06,"MISS JUMPER by BENHAM,CHELSEA",,,,,,,"MISS JUMPER by BENHAM,CHELSEA",2,jumper,missed,Centre,chelsea benham,,66
269,7,sewanee,Centre,Sewanee,42-41,42,41,"20, 22, 42","19, 22, 41",20,22,42,19,22,41,"2-5,1-0","2-2,0-1",12/01/12,Win,No Attendence Recorded,No Location Recorded,1:00 PM,A,269,--,,,,,"REBOUND DEF by MCDONOUGH,HALEY",,,"REBOUND DEF by MCDONOUGH,HALEY",2,defensive rebound,,sewanee,haley mcdonough,,
270,7,sewanee,Centre,Sewanee,42-41,42,41,"20, 22, 42","19, 22, 41",20,22,42,19,22,41,"2-5,1-0","2-2,0-1",12/01/12,Win,No Attendence Recorded,No Location Recorded,1:00 PM,A,270,1:04,"FOUL  by BAECHLE,PAIGE",,,,,,,"FOUL  by BAECHLE,PAIGE",2,foul,,Centre,paige baechle,,64
271,7,sewanee,Centre,Sewanee,42-41,42,41,"20, 22, 42","19, 22, 41",20,22,42,19,22,41,"2-5,1-0","2-2,0-1",12/01/12,Win,No Attendence Recorded,No Location Recorded,1:00 PM,A,271,1:04,,,,,MISS FT by TEAM,,,MISS FT by TEAM,2,free throw,missed,Centre,,,64
272,7,sewanee,Centre,Sewanee,42-41,42,41,"20, 22, 42","19, 22, 41",20,22,42,19,22,41,"2-5,1-0","2-2,0-1",12/01/12,Win,No Attendence Recorded,No Location Recorded,1:00 PM,A,272,--,REBOUND DEADB by TEAM,,,,,,,REBOUND DEADB by TEAM,2,deadball rebound,,Centre,,,
273,7,sewanee,Centre,Sewanee,42-41,42,41,"20, 22, 42","19, 22, 41",20,22,42,19,22,41,"2-5,1-0","2-2,0-1",12/01/12,Win,No Attendence Recorded,No Location Recorded,1:00 PM,A,273,0:43,"MISS 3PTR by WINSTEAD,BRIDGET",,,,,,,"MISS 3PTR by WINSTEAD,BRIDGET",2,three pointer,missed,Centre,bridget winstead,,43
274,7,sewanee,Centre,Sewanee,42-41,42,41,"20, 22, 42","19, 22, 41",20,22,42,19,22,41,"2-5,1-0","2-2,0-1",12/01/12,Win,No Attendence Recorded,No Location Recorded,1:00 PM,A,274,--,"REBOUND OFF by BENHAM,CHELSEA",,,,,,,"REBOUND OFF by BENHAM,CHELSEA",2,offensive rebound,,Centre,chelsea benham,,
275,7,sewanee,Centre,Sewanee,42-41,42,41,"20, 22, 42","19, 22, 41",20,22,42,19,22,41,"2-5,1-0","2-2,0-1",12/01/12,Win,No Attendence Recorded,No Location Recorded,1:00 PM,A,275,0:39,,,,,"FOUL  by JONES,MCKENZIE",,,"FOUL  by JONES,MCKENZIE",2,foul,,sewanee,mckenzie jones,,39
276,7,sewanee,Centre,Sewanee,42-41,42,41,"20, 22, 42","19, 22, 41",20,22,42,19,22,41,"2-5,1-0","2-2,0-1",12/01/12,Win,No Attendence Recorded,No Location Recorded,1:00 PM,A,276,0:39,TIMEOUT 20SEC by TEAM,,,,,,,TIMEOUT 20SEC by TEAM,2,timeout,,Centre,,,39
277,7,sewanee,Centre,Sewanee,42-41,42,41,"20, 22, 42","19, 22, 41",20,22,42,19,22,41,"2-5,1-0","2-2,0-1",12/01/12,Win,No Attendence Recorded,No Location Recorded,1:00 PM,A,277,0:31,"GOOD JUMPER by HARTLAGE,MAGGIE",42 (+1),,41,,CENTRE 42-41 (+1),,"GOOD JUMPER by HARTLAGE,MAGGIE",2,jumper,good,Centre,maggie hartlage,2,31
278,7,sewanee,Centre,Sewanee,42-41,42,41,"20, 22, 42","19, 22, 41",20,22,42,19,22,41,"2-5,1-0","2-2,0-1",12/01/12,Win,No Attendence Recorded,No Location Recorded,1:00 PM,A,278,--,"ASSIST  by WINSTEAD,MARY",,,,,,,"ASSIST  by WINSTEAD,MARY",2,assist,,Centre,mary winstead,,
279,7,sewanee,Centre,Sewanee,42-41,42,41,"20, 22, 42","19, 22, 41",20,22,42,19,22,41,"2-5,1-0","2-2,0-1",12/01/12,Win,No Attendence Recorded,No Location Recorded,1:00 PM,A,279,0:21,,,,,TIMEOUT 20SEC by TEAM,,,TIMEOUT 20SEC by TEAM,2,timeout,,Centre,,,21
280,7,sewanee,Centre,Sewanee,42-41,42,41,"20, 22, 42","19, 22, 41",20,22,42,19,22,41,"2-5,1-0","2-2,0-1",12/01/12,Win,No Attendence Recorded,No Location Recorded,1:00 PM,A,280,0:07,,,,,"TURNOVER  by SEWELL,KAYLA",,,"TURNOVER  by SEWELL,KAYLA",2,turnover,,sewanee,kayla sewell,,7
281,7,sewanee,Centre,Sewanee,42-41,42,41,"20, 22, 42","19, 22, 41",20,22,42,19,22,41,"2-5,1-0","2-2,0-1",12/01/12,Win,No Attendence Recorded,No Location Recorded,1:00 PM,A,281,0:07,,,,,"FOUL  by SEWELL,KAYLA",,,"FOUL  by SEWELL,KAYLA",2,foul,,sewanee,kayla sewell,,7
282,7,sewanee,Centre,Sewanee,42-41,42,41,"20, 22, 42","19, 22, 41",20,22,42,19,22,41,"2-5,1-0","2-2,0-1",12/01/12,Win,No Attendence Recorded,No Location Recorded,1:00 PM,A,282,0:07,TIMEOUT 20SEC by TEAM,,,,,,,TIMEOUT 20SEC by TEAM,2,timeout,,Centre,,,7
283,7,sewanee,Centre,Sewanee,42-41,42,41,"20, 22, 42","19, 22, 41",20,22,42,19,22,41,"2-5,1-0","2-2,0-1",12/01/12,Win,No Attendence Recorded,No Location Recorded,1:00 PM,A,283,0:03,,,,,"FOUL  by CHAUVIN,JAMIE",,,"FOUL  by CHAUVIN,JAMIE",2,foul,,sewanee,jamie chauvin,,3
284,7,sewanee,Centre,Sewanee,42-41,42,41,"20, 22, 42","19, 22, 41",20,22,42,19,22,41,"2-5,1-0","2-2,0-1",12/01/12,Win,No Attendence Recorded,No Location Recorded,1:00 PM,A,284,0:03,MISS FT by TEAM,,,,,,,MISS FT by TEAM,2,free throw,missed,Centre,,,3
285,7,sewanee,Centre,Sewanee,42-41,42,41,"20, 22, 42","19, 22, 41",20,22,42,19,22,41,"2-5,1-0","2-2,0-1",12/01/12,Win,No Attendence Recorded,No Location Recorded,1:00 PM,A,285,--,,,,,REBOUND DEADB by TEAM,,,REBOUND DEADB by TEAM,2,deadball rebound,,Centre,,,
286,7,sewanee,Centre,Sewanee,42-41,42,41,"20, 22, 42","19, 22, 41",20,22,42,19,22,41,"2-5,1-0","2-2,0-1",12/01/12,Win,No Attendence Recorded,No Location Recorded,1:00 PM,A,286,0:01,,,,,"TURNOVER  by MEDLEY,CLARISSA",,,"TURNOVER  by MEDLEY,CLARISSA",2,turnover,,sewanee,clarissa medley,,1
